brand_name,product_name,asin,price,overall_rating,reviewer_username,review_date,review_rating,r-12-date-txt1,r-12-date-txt2,r-12-date-txt3,r-12-date-txt4,r-12-date-txt5,r-12-date-txt6,r-12-date-txt7,r-12-date-txt8,r-12-date-txt9,r-12-date-txt10,r-12-date-txt11,r-12-date-txt12,r-12-date-txt13,r-12-date-txt14,r-12-date-txt15,r-12-date-txt16,r-12-date-txt17,r-12-date-txt18,r-12-date-txt19,r-12-date-txt20,r-12-date-txt21,r-12-date-txt22,r-12-date-txt23,r-12-date-txt24,r-12-date-txt25,r-12-date-txt26,r-12-date-txt27,r-12-date-txt28,r-12-date-txt29,r-12-date-txt30,r-12-date-txt31,r-12-date-txt32,r-12-date-txt33,r-12-date-txt34,r-12-date-txt35,r-12-date-txt36,r-12-date-txt37,r-12-date-txt38,r-12-date-txt39,r-12-date-txt40,r-12-date-txt41,r-12-date-txt42,r-12-date-txt43,r-12-date-txt44,r-12-date-txt45,r-12-date-txt46,r-12-date-txt47,r-12-date-txt48,r-12-date-txt49,r-12-date-txt50,r-12-date-txt51,r-12-date-txt52,r-12-date-txt53,r-12-date-txt54,r-12-date-txt55,r-12-date-txt56,r-12-date-txt57,r-12-date-txt58,r-12-date-txt59,r-12-date-txt60,r-12-date-txt61,r-12-date-txt62,r-12-date-txt63,r-12-date-txt64,r-12-date-txt65,r-12-date-txt66,r-12-date-txt67,r-12-date-txt68,r-12-date-txt69,r-12-date-txt70,r-12-date-txt71,r-12-date-txt72,r-12-date-txt73,r-12-date-txt74,r-12-date-txt75,r-12-date-txt76,r-12-date-txt77,r-12-date-txt78,r-12-date-txt79,r-12-date-txt80,r-12-date-txt81,r-12-date-txt82,r-12-date-txt83,r-12-date-txt84,r-12-date-txt85,r-12-date-txt86,r-12-date-txt87,r-12-date-txt88,r-12-date-txt89,r-12-date-txt90,r-12-date-txt91,r-12-date-txt92,r-12-date-txt93,r-12-date-txt94,r-12-date-txt95,r-12-date-txt96,r-12-date-txt97,r-12-date-txt98,r-12-date-txt99,r-12-date-txt100,r-12-date-txt101,r-12-date-txt102,r-12-date-txt103,r-12-date-txt104,r-12-date-txt105,r-12-date-txt106,r-12-date-txt107,r-12-date-txt108,r-12-date-txt109,r-12-date-txt110,r-12-date-txt111,r-12-date-txt112,r-12-date-txt113,r-12-date-txt114,r-12-date-txt115,r-12-date-txt116,r-12-date-txt117,r-12-date-txt118,r-12-date-txt119,r-12-date-txt120,r-12-date-txt121,r-12-date-txt122,r-12-date-txt123,r-12-date-txt124,r-12-date-txt125,r-12-date-txt126,r-12-date-txt127,r-12-date-txt128,r-12-date-txt129,r-12-date-txt130,r-12-date-txt131,r-12-date-txt132,r-12-date-txt133,r-12-date-txt134,r-12-date-txt135,r-12-date-txt136,r-12-date-txt137,r-12-date-txt138,r-12-date-txt139,r-12-date-txt140,r-12-date-txt141,r-12-date-txt142,r-12-date-txt143,r-12-date-txt144,r-12-date-txt145,r-12-date-txt146,r-12-date-txt147,r-12-date-txt148,r-12-date-txt149,r-12-date-txt150,r-12-date-txt151,r-12-date-txt152,r-12-date-txt153,r-12-date-txt154,r-12-date-txt155,r-12-date-txt156,r-12-date-txt157,r-12-date-txt158,r-12-date-txt159,r-12-date-txt160,r-12-date-txt161,r-12-date-txt162,r-12-date-txt163,r-12-date-txt164,r-12-date-txt165,,,,,,,,,,,,,,,,,,,,,,,,,,,,,,,,,,,,,,,,,,,,,,,,,,,,,,,,,,,,,,,,,,,,,,,,,,,,,,,,,,,,,,,,,,,,,,,
Beyond Meat,"Beyond Meat from PlantBased Frozen oz lb. Package, Ground Beef Substitute, 16 Ounce",,10.29,4.6,enthuz,9-Jun-21,1,Toxic,chemical,plant,,,,,,,,,,,,,,,,,,,,,,,,,,,,,,,,,,,,,,,,,,,,,,,,,,,,,,,,,,,,,,,,,,,,,,,,,,,,,,,,,,,,,,,,,,,,,,,,,,,,,,,,,,,,,,,,,,,,,,,,,,,,,,,,,,,,,,,,,,,,,,,,,,,,,,,,,,,,,,,,,,,,,,,,,,,,,,,,,,,,,,,,,,,,,,,,,,,,,,,,,,,,,,,,,,,,,,,,,,,,,,,,,,,,,,,,,,,,,,,,,,,,,,,,,,,,,,,,,
Beyond Meat,"Beyond Meat from PlantBased Frozen oz lb. Package, Ground Beef Substitute, 16 Ounce",,10.29,4.6,Nyc DogWalker,22-May-21,1,This,is,the,second,time,in,a,number,of,months,that,I've,ordered,this,product,advertised,as,frozen,but,it's,come,just,chilled,and,soft,The,plan,had,been,to,put,it,directly,into,the,freezer,for,next,weekend,however,you,cannot,#NAME?,it,(says,so,right,on,the,package),so,I,am,stuck,with,veggie,burger,material,for,grandkids,a,week,before,they,come,for,burgers,Amazon,did,promptly,refund,but,that,doesn't,solve,my,p,,,,,,,,,,,,,,,,,,,,,,,,,,,,,,,,,,,,,,,,,,,,,,,,,,,,,,,,,,,,,,,,,,,,,,,,,,,,,,,,,,,,,,,,,,,,,,,,,,,,,,,,,,,,,,,,,,,,,,,,,,,,,,,,,,,,,,,,,,,,,,,,,,,,,,,,,,,,,,,,,,,,,,,,,,,,,,,,,,,,,,,
Beyond Meat,"Beyond Meat from PlantBased Frozen oz lb. Package, Ground Beef Substitute, 16 Ounce",,10.29,4.6,Artist and Designer,11-May-21,1,I,like,the,impossible,meat,and,thought,this,would,be,comparable,While,cooking,it,my,husband,asked,me,what,the,smell,was,Once,we,ate,we,confirmed,it,tasted,as,bed,as,it,s,,,,,,,,,,,,,,,,,,,,,,,,,,,,,,,,,,,,,,,,,,,,,,,,,,,,,,,,,,,,,,,,,,,,,,,,,,,,,,,,,,,,,,,,,,,,,,,,,,,,,,,,,,,,,,,,,,,,,,,,,,,,,,,,,,,,,,,,,,,,,,,,,,,,,,,,,,,,,,,,,,,,,,,,,,,,,,,,,,,,,,,,,,,,,,,,,,,,,,,,,,,,,,,,,,,,,,,,,,,,,,,,,,
Beyond Meat,"Beyond Meat from PlantBased Frozen oz lb. Package, Ground Beef Substitute, 16 Ounce",,10.29,4.6,leighfabozzi,10-May-21,1,I,have,tried,their,burgers,and,ground,meat,They,both,have,this,distinct,flavor(,it,is,not,a,pleasant,one),they,kinda,taste,the,way,they,smell,Also,they,were,very,oily,I,did,not,like,they,at,all,(,i,am,a,meat,eater),My,mom,jas,been,pescatarian,for,20+yrs,and,she,loves,their,products,(,agrees,with,the,oiliness),So,it,up,,,,,,,,,,,,,,,,,,,,,,,,,,,,,,,,,,,,,,,,,,,,,,,,,,,,,,,,,,,,,,,,,,,,,,,,,,,,,,,,,,,,,,,,,,,,,,,,,,,,,,,,,,,,,,,,,,,,,,,,,,,,,,,,,,,,,,,,,,,,,,,,,,,,,,,,,,,,,,,,,,,,,,,,,,,,,,,,,,,,,,,,,,,,,,,,,,,
Beyond Meat,"Beyond Meat from PlantBased Frozen oz lb. Package, Ground Beef Substitute, 16 Ounce",,10.29,4.6,Sonte T,2-May-21,1,Only,for,fanatics,who,crave,tasteless,off,fake,meats,Donâ€™t,believe,the,hype,Just,awful,Maybe,better,in,the,,,,,,,,,,,,,,,,,,,,,,,,,,,,,,,,,,,,,,,,,,,,,,,,,,,,,,,,,,,,,,,,,,,,,,,,,,,,,,,,,,,,,,,,,,,,,,,,,,,,,,,,,,,,,,,,,,,,,,,,,,,,,,,,,,,,,,,,,,,,,,,,,,,,,,,,,,,,,,,,,,,,,,,,,,,,,,,,,,,,,,,,,,,,,,,,,,,,,,,,,,,,,,,,,,,,,,,,,,,,,,,,,,,,,,,,,,,,,,,,,
Beyond Meat,"Beyond Meat from PlantBased Frozen oz lb. Package, Ground Beef Substitute, 16 Ounce",,10.29,4.6,annegrete,25-Apr-21,2,I,came,here,because,I,smelled,catfood,every,time,I,used,it,and,I,am,SO,glad,that,I'm,not,the,only,one,The,texture,and,flavor,is,not,like,real,meat,I,was,thinking,it,might,be,like,the,impossible,burger,which,I,actually,do,think,is,a,pleasurable,meat,substitute,I,made,a,burger,some,tacos,and,meatballs,each,time,I,used,it,I,found,myself,being,more,and,more,liberal,with,the,seasoning,as,the,flavor,of,the,product,by,itself,was,not,as,good,as,I,was,hoping,It,seems,like,this,will,work,fine,in,dishes,where,the,meat,isn't,the,main,star,I,don't,think,it's,terrible,but,I,won't,be,buying,it,again,Hoping,for,a,great,substitute,for,meat,one,day,and,it,seems,like,we,are,working,in,the,right,direction,but,it's,not,the,,,,,,,,,,,,,,,,,,,,,,,,,,,,,,,,,,,,,,,,,,,,,,,,,,,,,,,,,,,,,,,,,,,,,,,,,,,,,,,,,,,,,,,,,,,,,,,,,,,,,,,,,,,,,,,,,,,,
Beyond Meat,"Beyond Meat from PlantBased Frozen oz lb. Package, Ground Beef Substitute, 16 Ounce",,10.29,4.6,Ahn Medek,30-Mar-21,1,What,The,Ew,That,funky,smell,that,funky,taste,It,permeates,everything,Itâ€™s,so,gross,I,usually,make,my,meatballs,with,half,ground,beef,half,sweet,Italian,chicken,sausage,This,time,I,substituted,just,the,beef,for,beyond,beef,So,you,would,think,that,with,the,other,half,of,the,recipe,unchanged,the,effect,would,be,mitigated,NOPE,Never,,,,,,,,,,,,,,,,,,,,,,,,,,,,,,,,,,,,,,,,,,,,,,,,,,,,,,,,,,,,,,,,,,,,,,,,,,,,,,,,,,,,,,,,,,,,,,,,,,,,,,,,,,,,,,,,,,,,,,,,,,,,,,,,,,,,,,,,,,,,,,,,,,,,,,,,,,,,,,,,,,,,,,,,,,,,,,,,,,,,,,,,,,,,,,,,,,,,,,,,,
Beyond Meat,"Beyond Meat from PlantBased Frozen oz lb. Package, Ground Beef Substitute, 16 Ounce",,10.29,4.6,Juan,21-Mar-21,1,This,meat,really,tasted,nasty,the,smell,the,taste,itâ€™s,like,eating,plastic,cardboard,Also,you,can,see,all,the,white,chunks,of,fat,they,put,,,,,,,,,,,,,,,,,,,,,,,,,,,,,,,,,,,,,,,,,,,,,,,,,,,,,,,,,,,,,,,,,,,,,,,,,,,,,,,,,,,,,,,,,,,,,,,,,,,,,,,,,,,,,,,,,,,,,,,,,,,,,,,,,,,,,,,,,,,,,,,,,,,,,,,,,,,,,,,,,,,,,,,,,,,,,,,,,,,,,,,,,,,,,,,,,,,,,,,,,,,,,,,,,,,,,,,,,,,,,,,,,,,,,,,,,,
Beyond Meat,"Beyond Meat from PlantBased Frozen oz lb. Package, Ground Beef Substitute, 16 Ounce",,10.29,4.6,Sarah,26-Feb-21,2,Has,a,ton,of,sodium,compared,to,raw,meat,with,no,flavoring,This,is,why,most,people,probably,like,it,Glorified,sal,,,,,,,,,,,,,,,,,,,,,,,,,,,,,,,,,,,,,,,,,,,,,,,,,,,,,,,,,,,,,,,,,,,,,,,,,,,,,,,,,,,,,,,,,,,,,,,,,,,,,,,,,,,,,,,,,,,,,,,,,,,,,,,,,,,,,,,,,,,,,,,,,,,,,,,,,,,,,,,,,,,,,,,,,,,,,,,,,,,,,,,,,,,,,,,,,,,,,,,,,,,,,,,,,,,,,,,,,,,,,,,,,,,,,,,,,,,,,,
Beyond Meat,"Beyond Meat from PlantBased Frozen oz lb. Package, Ground Beef Substitute, 16 Ounce",,10.29,4.6,Sam,17-Feb-21,1,I,cooked,this,in,a,frying,pan,for,taco,filling,I,could,not,get,past,the,smell,It,was,reminiscent,of,boiled,oatmeal,but,in,a,bad,way,I,bravely,gave,it,a,go,and,tried,it,in,the,tacos,but,only,was,able,to,eat,it,because,of,the,taco,toppings,Never,bought,it,,,,,,,,,,,,,,,,,,,,,,,,,,,,,,,,,,,,,,,,,,,,,,,,,,,,,,,,,,,,,,,,,,,,,,,,,,,,,,,,,,,,,,,,,,,,,,,,,,,,,,,,,,,,,,,,,,,,,,,,,,,,,,,,,,,,,,,,,,,,,,,,,,,,,,,,,,,,,,,,,,,,,,,,,,,,,,,,,,,,,,,,,,,,,,,,,,,,,,,,,,,,,
Beyond Meat,"Beyond Meat from PlantBased Frozen oz lb. Package, Ground Beef Substitute, 16 Ounce",,10.29,4.6,Kaneatha Reneau Raleigh,17-Feb-21,1,Probably,one,of,the,nastiest,things,I,have,ever,tasted,in,my,life,I,would,not,recommend,AT,all,No,amount,of,seasoning,or,spices,or,sauces,could,mask,the,disgusting,taste,Terrible,Simple,a,,,,,,,,,,,,,,,,,,,,,,,,,,,,,,,,,,,,,,,,,,,,,,,,,,,,,,,,,,,,,,,,,,,,,,,,,,,,,,,,,,,,,,,,,,,,,,,,,,,,,,,,,,,,,,,,,,,,,,,,,,,,,,,,,,,,,,,,,,,,,,,,,,,,,,,,,,,,,,,,,,,,,,,,,,,,,,,,,,,,,,,,,,,,,,,,,,,,,,,,,,,,,,,,,,,,,,,,,,,,,,,,,
Beyond Meat,"Beyond Meat from PlantBased Frozen oz lb. Package, Ground Beef Substitute, 16 Ounce",,10.29,4.6,Dominic,13-Feb-21,1,This,was,my,first,time,ordering,â€œbeyondâ€,products,and,I,am,not,sure,if,that,is,how,itâ€™s,supposed,to,smell,but,it,was,terrible,I,couldnâ€™t,even,get,myself,to,taste,it,It,smelled,so,bad,even,after,cooking,it,The,expiration,date,was,not,even,close,so,maybe,I,got,a,bad,,,,,,,,,,,,,,,,,,,,,,,,,,,,,,,,,,,,,,,,,,,,,,,,,,,,,,,,,,,,,,,,,,,,,,,,,,,,,,,,,,,,,,,,,,,,,,,,,,,,,,,,,,,,,,,,,,,,,,,,,,,,,,,,,,,,,,,,,,,,,,,,,,,,,,,,,,,,,,,,,,,,,,,,,,,,,,,,,,,,,,,,,,,,,,,,,,,,,,,,,,,,,,
Beyond Meat,"Beyond Meat from PlantBased Frozen oz lb. Package, Ground Beef Substitute, 16 Ounce",,10.29,4.6,Cheryl Martin,4-Feb-21,1,Itâ€™s,not,as,good,as,everyone,says,it,is,Iâ€™ve,tried,different,brands,of,vegan,â€œmeatâ€,and,this,one,was,the,most,off,putting,Everything,from,the,smell,to,the,texture,and,taste,I,tried,seasoning,the,taste,away,with,everything,Iâ€™ve,got,but,itâ€™s,no,use,the,taste,is,like,an,oily,processed,#NAME?,textured-,piece,of,goop,Its,so,weird,If,thatâ€™s,your,thing,then,go,for,it!,But,take,it,from,a,person,that,isnâ€™t,a,picky,eater,at,all,this,beyond,meat,is,,,,,,,,,,,,,,,,,,,,,,,,,,,,,,,,,,,,,,,,,,,,,,,,,,,,,,,,,,,,,,,,,,,,,,,,,,,,,,,,,,,,,,,,,,,,,,,,,,,,,,,,,,,,,,,,,,,,,,,,,,,,,,,,,,,,,,,,,,,,,,,,,,,,,,,,,,,,,,,,,,,,,,,,,,,,,
Beyond Meat,"Beyond Meat from PlantBased Frozen oz lb. Package, Ground Beef Substitute, 16 Ounce",,10.29,4.6,-_-,2-Feb-21,1,Oh,my,gosh,this,is,one,of,the,worst,smelling,things,I,have,EVER,smelled!!!!,I,gagged,repeatedly,while,trying,to,cook,this,and,ended,up,taking,it,OUTSIDE,to,throw,it,away,and,spent,the,next,hour,trying,to,get,the,smell,out,of,the,house,Maybe,itâ€™s,just,me,but,the,smell,is,this,product,is,absolutely,horrible,and,I,do,not,re,,,,,,,,,,,,,,,,,,,,,,,,,,,,,,,,,,,,,,,,,,,,,,,,,,,,,,,,,,,,,,,,,,,,,,,,,,,,,,,,,,,,,,,,,,,,,,,,,,,,,,,,,,,,,,,,,,,,,,,,,,,,,,,,,,,,,,,,,,,,,,,,,,,,,,,,,,,,,,,,,,,,,,,,,,,,,,,,,,,,,,,,,,,,,,,,,,,
Beyond Meat,"Beyond Meat from PlantBased Frozen oz lb. Package, Ground Beef Substitute, 16 Ounce",,10.29,4.6,Kartik Krishnan,23-Jan-21,2,My,husband,and,I,are,trying,to,cut,down,on,our,meat,intake,so,I,decided,to,try,some,meatless,'meat',options,I,can't,eat,soy,protein,so,we,went,with,Beyond,The,smell,was,a,bit,offputting,when,I,opened,the,package,but,I,hoped,it,would,dissipate,once,cooked,The,'meat',browned,somewhat,but,not,like,regular,ground,The,texture,was,not,bad,but,the,flavor,with,just,salt,and,pepper,was,quite,strange,My,husband,and,I,decided,to,make,a,curry,with,the,'meat',as,we,thought,the,strange,taste/smell,would,be,taken,over,by,the,spices,I,was,only,partially,correct,The,curry,did,improve,the,flavor,but,only,slightly,With,each,bite,the,strange,flavor,in,my,mouth,only,grew,After,5-Apr,small,bites,I,had,to,stop,eating,My,husband,finished,his,plate,but,struggled,to,eat,his,leftovers,the,next,day,I,hope,in,the,next,few,years,that,meatless,'meat',improves,Until,then,I,am,steering,,,,,,,,,,,,,,,,,,,,,,,,,,,,,,,,,,,,,,,,,,,,,,,,,,,,,,,,,,,,,,,,,,,,,,,,,,,,,,,,,,,,,,,,,,,,,,,
Beyond Meat,"Beyond Meat from PlantBased Frozen oz lb. Package, Ground Beef Substitute, 16 Ounce",,10.29,4.6,Sheri Rossman,4-Jan-21,1,Smell,,,,,,,,,,,,,,,,,,,,,,,,,,,,,,,,,,,,,,,,,,,,,,,,,,,,,,,,,,,,,,,,,,,,,,,,,,,,,,,,,,,,,,,,,,,,,,,,,,,,,,,,,,,,,,,,,,,,,,,,,,,,,,,,,,,,,,,,,,,,,,,,,,,,,,,,,,,,,,,,,,,,,,,,,,,,,,,,,,,,,,,,,,,,,,,,,,,,,,,,,,,,,,,,,,,,,,,,,,,,,,,,,,,,,,,,,,,,,,,,,,,,,,,,,,,,,,,,,,,
Beyond Meat,"Beyond Meat from PlantBased Frozen oz lb. Package, Ground Beef Substitute, 16 Ounce",,10.29,4.6,Hans Delbrook,11-Nov-20,1,The,fact,that,I,canâ€™t,give,this,less,than,one,star,is,tragic,Absolutely,horrible,from,opening,the,package,to,attempting,to,eat,to,the,aftertaste,There,is,no,chance,I,could,ever,buy,this,again,or,recommend,it,to,,,,,,,,,,,,,,,,,,,,,,,,,,,,,,,,,,,,,,,,,,,,,,,,,,,,,,,,,,,,,,,,,,,,,,,,,,,,,,,,,,,,,,,,,,,,,,,,,,,,,,,,,,,,,,,,,,,,,,,,,,,,,,,,,,,,,,,,,,,,,,,,,,,,,,,,,,,,,,,,,,,,,,,,,,,,,,,,,,,,,,,,,,,,,,,,,,,,,,,,,,,,,,,,,,,,,,,,,,,,
Beyond Meat,"Beyond Meat from PlantBased Frozen oz lb. Package, Ground Beef Substitute, 16 Ounce",,10.29,4.6,Elahielahe,11-Nov-20,1,not,cool,when,arrived,te,,,,,,,,,,,,,,,,,,,,,,,,,,,,,,,,,,,,,,,,,,,,,,,,,,,,,,,,,,,,,,,,,,,,,,,,,,,,,,,,,,,,,,,,,,,,,,,,,,,,,,,,,,,,,,,,,,,,,,,,,,,,,,,,,,,,,,,,,,,,,,,,,,,,,,,,,,,,,,,,,,,,,,,,,,,,,,,,,,,,,,,,,,,,,,,,,,,,,,,,,,,,,,,,,,,,,,,,,,,,,,,,,,,,,,,,,,,,,,,,,,,,,,,,,,,,,,,
Beyond Meat,"Beyond Meat from PlantBased Frozen oz lb. Package, Ground Beef Substitute, 16 Ounce",,10.29,4.6,Justin,10-Nov-20,1,This,was,pretty,bad,I,ended,up,throwing,out,the,nachos,I,made,and,couldn't,bring,myself,to,bring,any,of,the,leftover,meat,Pretty,,,,,,,,,,,,,,,,,,,,,,,,,,,,,,,,,,,,,,,,,,,,,,,,,,,,,,,,,,,,,,,,,,,,,,,,,,,,,,,,,,,,,,,,,,,,,,,,,,,,,,,,,,,,,,,,,,,,,,,,,,,,,,,,,,,,,,,,,,,,,,,,,,,,,,,,,,,,,,,,,,,,,,,,,,,,,,,,,,,,,,,,,,,,,,,,,,,,,,,,,,,,,,,,,,,,,,,,,,,,,,,,,,,,,,,,,,,
Beyond Meat,"Beyond Meat from PlantBased Frozen oz lb. Package, Ground Beef Substitute, 16 Ounce",,10.29,4.6,Dmendez,23-Oct-20,1,Smells,absolutely,atrocious,Smell,lingers,forever,So,many,better,meat,alternatives,tha,,,,,,,,,,,,,,,,,,,,,,,,,,,,,,,,,,,,,,,,,,,,,,,,,,,,,,,,,,,,,,,,,,,,,,,,,,,,,,,,,,,,,,,,,,,,,,,,,,,,,,,,,,,,,,,,,,,,,,,,,,,,,,,,,,,,,,,,,,,,,,,,,,,,,,,,,,,,,,,,,,,,,,,,,,,,,,,,,,,,,,,,,,,,,,,,,,,,,,,,,,,,,,,,,,,,,,,,,,,,,,,,,,,,,,,,,,,,,,,,,,,,,,,,
Beyond Meat,"Beyond Meat from PlantBased Frozen oz lb. Package, Ground Beef Substitute, 16 Ounce",,10.29,4.6,Sergiu,22-Oct-20,1,I,tried,not,my,cup,,,,,,,,,,,,,,,,,,,,,,,,,,,,,,,,,,,,,,,,,,,,,,,,,,,,,,,,,,,,,,,,,,,,,,,,,,,,,,,,,,,,,,,,,,,,,,,,,,,,,,,,,,,,,,,,,,,,,,,,,,,,,,,,,,,,,,,,,,,,,,,,,,,,,,,,,,,,,,,,,,,,,,,,,,,,,,,,,,,,,,,,,,,,,,,,,,,,,,,,,,,,,,,,,,,,,,,,,,,,,,,,,,,,,,,,,,,,,,,,,,,,,,,,,,,,,,,
Tofurky,"Tofurky, Deli Slices, Hickory Smoked, 5.5 oz",B000O6I9YY,3.39,4.6,hitchens,4-Jan-21,1,I,cannot,believe,how,revolting,I,found,this,brand's,products,I,will,NEVER,buy,Tofurky,again,Even,cooking,these,in,various,ways,did,not,change,how,bad,they,,,,,,,,,,,,,,,,,,,,,,,,,,,,,,,,,,,,,,,,,,,,,,,,,,,,,,,,,,,,,,,,,,,,,,,,,,,,,,,,,,,,,,,,,,,,,,,,,,,,,,,,,,,,,,,,,,,,,,,,,,,,,,,,,,,,,,,,,,,,,,,,,,,,,,,,,,,,,,,,,,,,,,,,,,,,,,,,,,,,,,,,,,,,,,,,,,,,,,,,,,,,,,,,,,,,,,,,,,,,,,,,,,,,,,,,
Tofurky,"Tofurky, Deli Slices, Hickory Smoked, 5.5 oz",B000O6I9YY,3.39,4.6,dem,26-Jun-20,1,N,,,,,,,,,,,,,,,,,,,,,,,,,,,,,,,,,,,,,,,,,,,,,,,,,,,,,,,,,,,,,,,,,,,,,,,,,,,,,,,,,,,,,,,,,,,,,,,,,,,,,,,,,,,,,,,,,,,,,,,,,,,,,,,,,,,,,,,,,,,,,,,,,,,,,,,,,,,,,,,,,,,,,,,,,,,,,,,,,,,,,,,,,,,,,,,,,,,,,,,,,,,,,,,,,,,,,,,,,,,,,,,,,,,,,,,,,,,,,,,,,,,,,,,,,,,,,,,,,,,
Tofurky,"Tofurky, Deli Slices, Hickory Smoked, 5.5 oz",B000O6I9YY,3.39,4.6,Loretta C.,11-Apr-20,1,This,stuff,is,absolutely,horrid!,smells,like,dog,food,and,I,imagine,it,tastes,like,it,too,So,tremendously,awful,I,spit,it,out,and,tossed,the,rest,It,worries,me,people,actually,say,they,like,this,junk,Smells,like,a,wet,tennis,shoe,from,the,side,of,the,road,AVOID,at,all,,,,,,,,,,,,,,,,,,,,,,,,,,,,,,,,,,,,,,,,,,,,,,,,,,,,,,,,,,,,,,,,,,,,,,,,,,,,,,,,,,,,,,,,,,,,,,,,,,,,,,,,,,,,,,,,,,,,,,,,,,,,,,,,,,,,,,,,,,,,,,,,,,,,,,,,,,,,,,,,,,,,,,,,,,,,,,,,,,,,,,,,,,,,,,,,,,,,,,,,,,,,,,,
Tofurky,"Tofurky, Deli Slices, Hickory Smoked, 5.5 oz",B000O6I9YY,3.39,4.6,ddeeees,23-Jan-20,1,Sorry,but,never,happy,with,Tofurkey,Just,tastes,,,,,,,,,,,,,,,,,,,,,,,,,,,,,,,,,,,,,,,,,,,,,,,,,,,,,,,,,,,,,,,,,,,,,,,,,,,,,,,,,,,,,,,,,,,,,,,,,,,,,,,,,,,,,,,,,,,,,,,,,,,,,,,,,,,,,,,,,,,,,,,,,,,,,,,,,,,,,,,,,,,,,,,,,,,,,,,,,,,,,,,,,,,,,,,,,,,,,,,,,,,,,,,,,,,,,,,,,,,,,,,,,,,,,,,,,,,,,,,,,,,,,,,,,,,,
Tofurky,"Tofurky, Deli Slices, Hickory Smoked, 5.5 oz",B000O6I9YY,3.39,4.6,Jordana I.,5-Jun-19,1,Wait,a,minute,this,is,for,ONE,BOX???,Really???,Okay,if,this,is,for,one,box,of,this,you,can,get,it,at,any,local,grocery,store,for,$3 ,50,-,$4 ,0,for,ONE,BOX,If,this,is,for,one,case,then,there,better,be,about,10,in,one,case!,Cause,that's,the,ONLY,justification,for,that,price,o,,,,,,,,,,,,,,,,,,,,,,,,,,,,,,,,,,,,,,,,,,,,,,,,,,,,,,,,,,,,,,,,,,,,,,,,,,,,,,,,,,,,,,,,,,,,,,,,,,,,,,,,,,,,,,,,,,,,,,,,,,,,,,,,,,,,,,,,,,,,,,,,,,,,,,,,,,,,,,,,,,,,,,,,,,,,,,,,,,,,,,,,,,,,,,,,,,,,,,,,
Tofurky,"Tofurky, Deli Slices, Hickory Smoked, 5.5 oz",B000O6I9YY,3.39,4.6,Brandon D,9-Jul-18,2,This,was,pretty,yucky,Like,Fruit,by,The,Foot,made,out,of,beans,with,a,lot,of,,,,,,,,,,,,,,,,,,,,,,,,,,,,,,,,,,,,,,,,,,,,,,,,,,,,,,,,,,,,,,,,,,,,,,,,,,,,,,,,,,,,,,,,,,,,,,,,,,,,,,,,,,,,,,,,,,,,,,,,,,,,,,,,,,,,,,,,,,,,,,,,,,,,,,,,,,,,,,,,,,,,,,,,,,,,,,,,,,,,,,,,,,,,,,,,,,,,,,,,,,,,,,,,,,,,,,,,,,,,,,,,,,,,,,,,,,,,,,,,,,,
Tofurky,"Tofurky, Deli Slices, Hickory Smoked, 5.5 oz",B000O6I9YY,3.39,4.6,hitchens,4-Jan-21,1,I,cannot,believe,how,revolting,I,found,this,brand's,products,I,will,NEVER,buy,Tofurky,again,Even,cooking,these,in,various,ways,did,not,change,how,bad,they,,,,,,,,,,,,,,,,,,,,,,,,,,,,,,,,,,,,,,,,,,,,,,,,,,,,,,,,,,,,,,,,,,,,,,,,,,,,,,,,,,,,,,,,,,,,,,,,,,,,,,,,,,,,,,,,,,,,,,,,,,,,,,,,,,,,,,,,,,,,,,,,,,,,,,,,,,,,,,,,,,,,,,,,,,,,,,,,,,,,,,,,,,,,,,,,,,,,,,,,,,,,,,,,,,,,,,,,,,,,,,,,,,,,,,,,
Tofurky,"Tofurky, Deli Slices, Hickory Smoked, 5.5 oz",B000O6I9YY,3.39,4.6,dem,26-Jun-20,1,N,,,,,,,,,,,,,,,,,,,,,,,,,,,,,,,,,,,,,,,,,,,,,,,,,,,,,,,,,,,,,,,,,,,,,,,,,,,,,,,,,,,,,,,,,,,,,,,,,,,,,,,,,,,,,,,,,,,,,,,,,,,,,,,,,,,,,,,,,,,,,,,,,,,,,,,,,,,,,,,,,,,,,,,,,,,,,,,,,,,,,,,,,,,,,,,,,,,,,,,,,,,,,,,,,,,,,,,,,,,,,,,,,,,,,,,,,,,,,,,,,,,,,,,,,,,,,,,,,,,
Tofurky,"Tofurky, Deli Slices, Hickory Smoked, 5.5 oz",B000O6I9YY,3.39,4.6,Loretta C.,11-Apr-20,1,This,stuff,is,absolutely,horrid!,smells,like,dog,food,and,I,imagine,it,tastes,like,it,too,So,tremendously,awful,I,spit,it,out,and,tossed,the,rest,It,worries,me,people,actually,say,they,like,this,junk,Smells,like,a,wet,tennis,shoe,from,the,side,of,the,road,AVOID,at,all,,,,,,,,,,,,,,,,,,,,,,,,,,,,,,,,,,,,,,,,,,,,,,,,,,,,,,,,,,,,,,,,,,,,,,,,,,,,,,,,,,,,,,,,,,,,,,,,,,,,,,,,,,,,,,,,,,,,,,,,,,,,,,,,,,,,,,,,,,,,,,,,,,,,,,,,,,,,,,,,,,,,,,,,,,,,,,,,,,,,,,,,,,,,,,,,,,,,,,,,,,,,,,,
Tofurky,"Tofurky, Deli Slices, Hickory Smoked, 5.5 oz",B000O6I9YY,3.39,4.6,ddeeees,23-Jan-20,1,Sorry,but,never,happy,with,Tofurkey,Just,tastes,,,,,,,,,,,,,,,,,,,,,,,,,,,,,,,,,,,,,,,,,,,,,,,,,,,,,,,,,,,,,,,,,,,,,,,,,,,,,,,,,,,,,,,,,,,,,,,,,,,,,,,,,,,,,,,,,,,,,,,,,,,,,,,,,,,,,,,,,,,,,,,,,,,,,,,,,,,,,,,,,,,,,,,,,,,,,,,,,,,,,,,,,,,,,,,,,,,,,,,,,,,,,,,,,,,,,,,,,,,,,,,,,,,,,,,,,,,,,,,,,,,,,,,,,,,,
Tofurky,"Tofurky, Deli Slices, Hickory Smoked, 5.5 oz",B000O6I9YY,3.39,4.6,Jordana I.,5-Jun-19,1,Wait,a,minute,this,is,for,ONE,BOX???,Really???,Okay,if,this,is,for,one,box,of,this,you,can,get,it,at,any,local,grocery,store,for,$3 ,50,-,$4 ,0,for,ONE,BOX,If,this,is,for,one,case,then,there,better,be,about,10,in,one,case!,Cause,that's,the,ONLY,justification,for,that,price,o,,,,,,,,,,,,,,,,,,,,,,,,,,,,,,,,,,,,,,,,,,,,,,,,,,,,,,,,,,,,,,,,,,,,,,,,,,,,,,,,,,,,,,,,,,,,,,,,,,,,,,,,,,,,,,,,,,,,,,,,,,,,,,,,,,,,,,,,,,,,,,,,,,,,,,,,,,,,,,,,,,,,,,,,,,,,,,,,,,,,,,,,,,,,,,,,,,,,,,,,
Tofurky,"Tofurky, Deli Slices, Hickory Smoked, 5.5 oz",B000O6I9YY,3.39,4.6,Brandon D,9-Jul-18,2,This,was,pretty,yucky,Like,Fruit,by,The,Foot,made,out,of,beans,with,a,lot,of,,,,,,,,,,,,,,,,,,,,,,,,,,,,,,,,,,,,,,,,,,,,,,,,,,,,,,,,,,,,,,,,,,,,,,,,,,,,,,,,,,,,,,,,,,,,,,,,,,,,,,,,,,,,,,,,,,,,,,,,,,,,,,,,,,,,,,,,,,,,,,,,,,,,,,,,,,,,,,,,,,,,,,,,,,,,,,,,,,,,,,,,,,,,,,,,,,,,,,,,,,,,,,,,,,,,,,,,,,,,,,,,,,,,,,,,,,,,,,,,,,,
Beyond Meat,"Beyond Meat Beyond Sausage Plant-Based Dinner Sausage Links, Brat Original 14 oz",B07B6HV451,9.39,4.7,rmva,3-Jun-21,1,I,did,not,like,this,at,all,It,smelled,funny,and,tasted,weird,I,am,surprised,that,there,are,so,many,positive,reviews,I'm,very,disappointed,in,this,p,,,,,,,,,,,,,,,,,,,,,,,,,,,,,,,,,,,,,,,,,,,,,,,,,,,,,,,,,,,,,,,,,,,,,,,,,,,,,,,,,,,,,,,,,,,,,,,,,,,,,,,,,,,,,,,,,,,,,,,,,,,,,,,,,,,,,,,,,,,,,,,,,,,,,,,,,,,,,,,,,,,,,,,,,,,,,,,,,,,,,,,,,,,,,,,,,,,,,,,,,,,,,,,,,,,,,,,,,,,,,,,,,,,,,,,
Beyond Meat,"Beyond Meat Beyond Sausage Plant-Based Dinner Sausage Links, Brat Original 14 oz",B07B6HV451,9.39,4.7,chaun,10-Mar-21,1,Tastes,nothing,like,real,Bratwurst,Greasy,excessively,salty,and,has,fennel,which,is,NOT,an,appropriate,seasoning,for,bratwurst,I,threw,the,extras,in,the,trash,As,someone,who,used,to,make,my,ow,sausages,the,seasonings,for,brats,per,5,lbs,pork,include,4-tsp,sugar1-tbsp,ground,coriander1-tbsp,ground,sage1-tsp,paprika1-tsp,cayenne,pepper2-tsp,dried,rosemary1-tbsp,dry,mustard1-tsp,pepper1-tsp,nutmeg4-tsp,saltNot,fennel,Ever,As,for,salt,I,usually,add,salt,to,everything,but,this,was,far,too,salty,even,,,,,,,,,,,,,,,,,,,,,,,,,,,,,,,,,,,,,,,,,,,,,,,,,,,,,,,,,,,,,,,,,,,,,,,,,,,,,,,,,,,,,,,,,,,,,,,,,,,,,,,,,,,,,,,,,,,,,,,,,,,,,,,,,,,,,,,,,,,,,,,,,,,,,,,,,,,,,,,,,,,,,,,,,,,,,,,,,,,,,,
Beyond Meat,"Beyond Meat Beyond Sausage Plant-Based Dinner Sausage Links, Brat Original 14 oz",B07B6HV451,9.39,4.7,Amazon Customer,22-Oct-20,1,Iâ€™ve,ordered,these,twice,and,each,time,they,were,totally,defrosted,The,package,says,use,within,three,days,of,defrosting,and,DO,NOT,refreeze,Thereâ€™s,no,way,of,knowing,when,these,were,defrosted,so,we,threw,them,out,rather,than,risk,getti,,,,,,,,,,,,,,,,,,,,,,,,,,,,,,,,,,,,,,,,,,,,,,,,,,,,,,,,,,,,,,,,,,,,,,,,,,,,,,,,,,,,,,,,,,,,,,,,,,,,,,,,,,,,,,,,,,,,,,,,,,,,,,,,,,,,,,,,,,,,,,,,,,,,,,,,,,,,,,,,,,,,,,,,,,,,,,,,,,,,,,,,,,,,,,,,,,,,,,,,,,,,,,,,,,,,,,,,,,
Beyond Meat,"Beyond Meat Beyond Breakfast Sausage Plant-Based Breakfast Patties, Classic 7.4 oz",B084NF3NHR,5.49,4.6,Chloe,9-Jun-21,1,I,like,beyond,burgers,but,these,breakfast,sausages,donâ€™t,work,in,my,opinion,I,prefer,Morningstar,Farms,breakfast,sausage,if,going,meatless,I,threw,the,rest,of,this,box,out,after,one,bite,I,just,knew,I,wouldnâ€™t,fin,,,,,,,,,,,,,,,,,,,,,,,,,,,,,,,,,,,,,,,,,,,,,,,,,,,,,,,,,,,,,,,,,,,,,,,,,,,,,,,,,,,,,,,,,,,,,,,,,,,,,,,,,,,,,,,,,,,,,,,,,,,,,,,,,,,,,,,,,,,,,,,,,,,,,,,,,,,,,,,,,,,,,,,,,,,,,,,,,,,,,,,,,,,,,,,,,,,,,,,,,,,,,,,,,,,,,,,,,,,,,
Beyond Meat,"Beyond Meat Beyond Breakfast Sausage Plant-Based Breakfast Patties, Classic 7.4 oz",B084NF3NHR,5.49,4.6,Ayana Horton,7-Jun-21,1,Literally,taste,like,DOG,FOOD!,Suitable,for,partners,who,are,cheaters,and,mass,terriers,only,(well,any,dog),WARNING,don't,feed,to,kids,who,are,6,they,will,laugh,in,your,face,These,Krabby,patties,also,give,a,hint,of,feet,sweat,Thank,y,,,,,,,,,,,,,,,,,,,,,,,,,,,,,,,,,,,,,,,,,,,,,,,,,,,,,,,,,,,,,,,,,,,,,,,,,,,,,,,,,,,,,,,,,,,,,,,,,,,,,,,,,,,,,,,,,,,,,,,,,,,,,,,,,,,,,,,,,,,,,,,,,,,,,,,,,,,,,,,,,,,,,,,,,,,,,,,,,,,,,,,,,,,,,,,,,,,,,,,,,,,,,,,,,,,,,,,,
Beyond Meat,"Beyond Meat Beyond Breakfast Sausage Plant-Based Breakfast Patties, Classic 7.4 oz",B084NF3NHR,5.49,4.6,Syn,31-May-21,1,The,flavor,is,pathetic,smell,horrible,and,the,quality,of,the,ingredients,are,very,bad,if,you,think,that,you,are,eating,healthy,with,this,you,are,wrong!!,Starting,for,the,huge,amount,of,refine,,,,,,,,,,,,,,,,,,,,,,,,,,,,,,,,,,,,,,,,,,,,,,,,,,,,,,,,,,,,,,,,,,,,,,,,,,,,,,,,,,,,,,,,,,,,,,,,,,,,,,,,,,,,,,,,,,,,,,,,,,,,,,,,,,,,,,,,,,,,,,,,,,,,,,,,,,,,,,,,,,,,,,,,,,,,,,,,,,,,,,,,,,,,,,,,,,,,,,,,,,,,,,,,,,,,,,,,,,,,,,,,,
Beyond Meat,"Beyond Meat Beyond Breakfast Sausage Plant-Based Breakfast Patties, Classic 7.4 oz",B084NF3NHR,5.49,4.6,Rachel,9-May-21,2,To,be,honest,I,cooked,them,on,a,two,sided,electric,griddle,that,I,use,for,sausage,My,husband,said,he,thought,they,were,like,hockey,,,,,,,,,,,,,,,,,,,,,,,,,,,,,,,,,,,,,,,,,,,,,,,,,,,,,,,,,,,,,,,,,,,,,,,,,,,,,,,,,,,,,,,,,,,,,,,,,,,,,,,,,,,,,,,,,,,,,,,,,,,,,,,,,,,,,,,,,,,,,,,,,,,,,,,,,,,,,,,,,,,,,,,,,,,,,,,,,,,,,,,,,,,,,,,,,,,,,,,,,,,,,,,,,,,,,,,,,,,,,,,,,,,,,,,,,,
Beyond Meat,"Beyond Meat Beyond Breakfast Sausage Plant-Based Breakfast Patties, Classic 7.4 oz",B084NF3NHR,5.49,4.6,El,5-May-21,2,I,might,have,just,gotten,a,bad,batch,of,these,sausages,but,for,my,these,had,a,weird,chemical,aftertaste,I,couldn't,get,past,When,I,had,first,bit,into,it,I,really,liked,how,the,patty,crisped,up,a,tiny,bit,and,the,texture,was,almost,exactly,like,a,real,sausage,A,lot,of,meat,substitutes,are,really,soft,but,this,one,had,bite,which,I,loved,I,just,could,not,get,past,the,chemical,taste,to,eat,anymore,I'm,really,sad,I,had,to,toss,,,,,,,,,,,,,,,,,,,,,,,,,,,,,,,,,,,,,,,,,,,,,,,,,,,,,,,,,,,,,,,,,,,,,,,,,,,,,,,,,,,,,,,,,,,,,,,,,,,,,,,,,,,,,,,,,,,,,,,,,,,,,,,,,,,,,,,,,,,,,,,,,,,,,,,,,,,,,,,,,,,,,,,,,,,,,
Beyond Meat,"Beyond Meat Beyond Breakfast Sausage Plant-Based Breakfast Patties, Classic 7.4 oz",B084NF3NHR,5.49,4.6,GCWP,26-Mar-21,1,Three,of,us,at,home,did,not,like,it,No,,,,,,,,,,,,,,,,,,,,,,,,,,,,,,,,,,,,,,,,,,,,,,,,,,,,,,,,,,,,,,,,,,,,,,,,,,,,,,,,,,,,,,,,,,,,,,,,,,,,,,,,,,,,,,,,,,,,,,,,,,,,,,,,,,,,,,,,,,,,,,,,,,,,,,,,,,,,,,,,,,,,,,,,,,,,,,,,,,,,,,,,,,,,,,,,,,,,,,,,,,,,,,,,,,,,,,,,,,,,,,,,,,,,,,,,,,,,,,,,,,,,,,,,,,
Beyond Meat,"Beyond Meat Beyond Breakfast Sausage Plant-Based Breakfast Patties, Classic 7.4 oz",B084NF3NHR,5.49,4.6,YJ. Smith,18-Mar-21,1,,,,,,,,,,,,,,,,,,,,,,,,,,,,,,,,,,,,,,,,,,,,,,,,,,,,,,,,,,,,,,,,,,,,,,,,,,,,,,,,,,,,,,,,,,,,,,,,,,,,,,,,,,,,,,,,,,,,,,,,,,,,,,,,,,,,,,,,,,,,,,,,,,,,,,,,,,,,,,,,,,,,,,,,,,,,,,,,,,,,,,,,,,,,,,,,,,,,,,,,,,,,,,,,,,,,,,,,,,,,,,,,,,,,,,,,,,,,,,,,,,,,,,,,,,,,,,,,,,,,
Beyond Meat,"Beyond Meat Beyond Breakfast Sausage Plant-Based Breakfast Patties, Classic 7.4 oz",B084NF3NHR,5.49,4.6,P.Q. Lanier,16-Mar-21,1,Bad,smell,bad,taste,Took,one,bite,At,least,my,trashcan,is,,,,,,,,,,,,,,,,,,,,,,,,,,,,,,,,,,,,,,,,,,,,,,,,,,,,,,,,,,,,,,,,,,,,,,,,,,,,,,,,,,,,,,,,,,,,,,,,,,,,,,,,,,,,,,,,,,,,,,,,,,,,,,,,,,,,,,,,,,,,,,,,,,,,,,,,,,,,,,,,,,,,,,,,,,,,,,,,,,,,,,,,,,,,,,,,,,,,,,,,,,,,,,,,,,,,,,,,,,,,,,,,,,,,,,,,,,,,,,,,,,,,,,,,
Beyond Meat,"Beyond Meat Beyond Breakfast Sausage Plant-Based Breakfast Patties, Classic 7.4 oz",B084NF3NHR,5.49,4.6,Amazon Customer,22-Feb-21,2,And,these,are,the,very,worst-tasting,veggie,sausages,of,al,,,,,,,,,,,,,,,,,,,,,,,,,,,,,,,,,,,,,,,,,,,,,,,,,,,,,,,,,,,,,,,,,,,,,,,,,,,,,,,,,,,,,,,,,,,,,,,,,,,,,,,,,,,,,,,,,,,,,,,,,,,,,,,,,,,,,,,,,,,,,,,,,,,,,,,,,,,,,,,,,,,,,,,,,,,,,,,,,,,,,,,,,,,,,,,,,,,,,,,,,,,,,,,,,,,,,,,,,,,,,,,,,,,,,,,,,,,,,,,,,,,,,,,,,,
Tofurky,Tofurky Deli Slices Oven Roasted,,3.39,4.6,Weena Y. Rivera,31-May-21,2,Way,to,salty,for,me,!,Texture,is,ok,but,I,would,rather,just,not,eat,cold,cuts,I,donâ€™t,miss,them,,,,,,,,,,,,,,,,,,,,,,,,,,,,,,,,,,,,,,,,,,,,,,,,,,,,,,,,,,,,,,,,,,,,,,,,,,,,,,,,,,,,,,,,,,,,,,,,,,,,,,,,,,,,,,,,,,,,,,,,,,,,,,,,,,,,,,,,,,,,,,,,,,,,,,,,,,,,,,,,,,,,,,,,,,,,,,,,,,,,,,,,,,,,,,,,,,,,,,,,,,,,,,,,,,,,,,,,,,,,,,,,,,,,,,,,,,,,,,
Tofurky,Tofurky Deli Slices Oven Roasted,,3.39,4.6,Michael Lvovsky,28-Feb-21,1,I,could,only,taste,the,other,things,in,my,sandwich,No,turkey,flavor,sooo,disappointing,So,I,went,back,and,tried,tasting,it,alone,and,it,was,very,simply,bad,No,turkey,flavor,whatsoever,What,a,,,,,,,,,,,,,,,,,,,,,,,,,,,,,,,,,,,,,,,,,,,,,,,,,,,,,,,,,,,,,,,,,,,,,,,,,,,,,,,,,,,,,,,,,,,,,,,,,,,,,,,,,,,,,,,,,,,,,,,,,,,,,,,,,,,,,,,,,,,,,,,,,,,,,,,,,,,,,,,,,,,,,,,,,,,,,,,,,,,,,,,,,,,,,,,,,,,,,,,,,,,,,,,,,,,,,,,,,,,,,,,,
Tofurky,Tofurky Deli Slices Oven Roasted,,3.39,4.6,Violetwrites Leftow,1-Jan-21,1,These,are,not,good,if,you're,vegan,just,eat,a,veggie,sandwhich,These,are,terrible,they,smell,,,,,,,,,,,,,,,,,,,,,,,,,,,,,,,,,,,,,,,,,,,,,,,,,,,,,,,,,,,,,,,,,,,,,,,,,,,,,,,,,,,,,,,,,,,,,,,,,,,,,,,,,,,,,,,,,,,,,,,,,,,,,,,,,,,,,,,,,,,,,,,,,,,,,,,,,,,,,,,,,,,,,,,,,,,,,,,,,,,,,,,,,,,,,,,,,,,,,,,,,,,,,,,,,,,,,,,,,,,,,,,,,,,,,,,,,,,,,,,,,,,
Tofurky,Tofurky Deli Slices Oven Roasted,,3.39,4.6,Amazon Customer,3-Jul-20,2,I,found,these,to,be,rather,bland,They,were,subbed,in,for,another,brand,due,to,a,delivery,on-line,purchase,Not,horrible,but,nothing,noteworthy,,,,,,,,,,,,,,,,,,,,,,,,,,,,,,,,,,,,,,,,,,,,,,,,,,,,,,,,,,,,,,,,,,,,,,,,,,,,,,,,,,,,,,,,,,,,,,,,,,,,,,,,,,,,,,,,,,,,,,,,,,,,,,,,,,,,,,,,,,,,,,,,,,,,,,,,,,,,,,,,,,,,,,,,,,,,,,,,,,,,,,,,,,,,,,,,,,,,,,,,,,,,,,,,,,,,,,,,,,,,,,,,,,,,,,,,,,,
Quorn,"Quorn, Meat-Free Meatballs, 10.6 oz (Frozen)",B000WM2WXE,4.99,4.4,Shirell,13-Dec-20,2,It,tastes,a,little,wired,and,the,texture,does,feel,like,good,meat,It,is,pretty,easy,to,cook,But,probably,will,not,try,it,,,,,,,,,,,,,,,,,,,,,,,,,,,,,,,,,,,,,,,,,,,,,,,,,,,,,,,,,,,,,,,,,,,,,,,,,,,,,,,,,,,,,,,,,,,,,,,,,,,,,,,,,,,,,,,,,,,,,,,,,,,,,,,,,,,,,,,,,,,,,,,,,,,,,,,,,,,,,,,,,,,,,,,,,,,,,,,,,,,,,,,,,,,,,,,,,,,,,,,,,,,,,,,,,,,,,,,,,,,,,,,,,,,,,,,,,,,
Quorn,"Quorn, Meat-Free Meatballs, 10.6 oz (Frozen)",B000WM2WXE,4.99,4.4,Wei Yuan,28-Sep-20,1,Not,very,good,,,,,,,,,,,,,,,,,,,,,,,,,,,,,,,,,,,,,,,,,,,,,,,,,,,,,,,,,,,,,,,,,,,,,,,,,,,,,,,,,,,,,,,,,,,,,,,,,,,,,,,,,,,,,,,,,,,,,,,,,,,,,,,,,,,,,,,,,,,,,,,,,,,,,,,,,,,,,,,,,,,,,,,,,,,,,,,,,,,,,,,,,,,,,,,,,,,,,,,,,,,,,,,,,,,,,,,,,,,,,,,,,,,,,,,,,,,,,,,,,,,,,,,,,,,,,,,,,
Quorn,"Quorn, Meat-Free Meatballs, 10.6 oz (Frozen)",B000WM2WXE,4.99,4.4,alexis,22-Sep-20,1,Did,not,like,these,the,flavor,just,wasnâ€™t,,,,,,,,,,,,,,,,,,,,,,,,,,,,,,,,,,,,,,,,,,,,,,,,,,,,,,,,,,,,,,,,,,,,,,,,,,,,,,,,,,,,,,,,,,,,,,,,,,,,,,,,,,,,,,,,,,,,,,,,,,,,,,,,,,,,,,,,,,,,,,,,,,,,,,,,,,,,,,,,,,,,,,,,,,,,,,,,,,,,,,,,,,,,,,,,,,,,,,,,,,,,,,,,,,,,,,,,,,,,,,,,,,,,,,,,,,,,,,,,,,,,,,,,,,,,
Quorn,"Quorn Foods Meatless Nuggets, Vegetarian, Frozen, 10.6 Oz",B000REIDY4,4.99,4.6,Wei Yuan,3-Oct-20,1,bought,these,thinking,they,were,vegan,and,they're,not,they,have,,,,,,,,,,,,,,,,,,,,,,,,,,,,,,,,,,,,,,,,,,,,,,,,,,,,,,,,,,,,,,,,,,,,,,,,,,,,,,,,,,,,,,,,,,,,,,,,,,,,,,,,,,,,,,,,,,,,,,,,,,,,,,,,,,,,,,,,,,,,,,,,,,,,,,,,,,,,,,,,,,,,,,,,,,,,,,,,,,,,,,,,,,,,,,,,,,,,,,,,,,,,,,,,,,,,,,,,,,,,,,,,,,,,,,,,,,,,,,,,,,,,,,,,,
Quorn,"Quorn Foods Meatless Nuggets, Vegetarian, Frozen, 10.6 Oz",B000REIDY4,4.99,4.6,Donald E. Meissner,21-Sep-20,1,This,is,the,most,discussing,flavor,of,the,chicken,nuggets,Iâ€™ve,ev,,,,,,,,,,,,,,,,,,,,,,,,,,,,,,,,,,,,,,,,,,,,,,,,,,,,,,,,,,,,,,,,,,,,,,,,,,,,,,,,,,,,,,,,,,,,,,,,,,,,,,,,,,,,,,,,,,,,,,,,,,,,,,,,,,,,,,,,,,,,,,,,,,,,,,,,,,,,,,,,,,,,,,,,,,,,,,,,,,,,,,,,,,,,,,,,,,,,,,,,,,,,,,,,,,,,,,,,,,,,,,,,,,,,,,,,,,,,,,,,,,,,,,,,
Quorn,"Quorn Foods Meatless Nuggets, Vegetarian, Frozen, 10.6 Oz",B000REIDY4,4.99,4.6,Ronda Roberts,18-Sep-20,1,gave,m,,,,,,,,,,,,,,,,,,,,,,,,,,,,,,,,,,,,,,,,,,,,,,,,,,,,,,,,,,,,,,,,,,,,,,,,,,,,,,,,,,,,,,,,,,,,,,,,,,,,,,,,,,,,,,,,,,,,,,,,,,,,,,,,,,,,,,,,,,,,,,,,,,,,,,,,,,,,,,,,,,,,,,,,,,,,,,,,,,,,,,,,,,,,,,,,,,,,,,,,,,,,,,,,,,,,,,,,,,,,,,,,,,,,,,,,,,,,,,,,,,,,,,,,,,,,,,,,,,
Quorn,"Quorn Foods Meatless Nuggets, Vegetarian, Frozen, 10.6 Oz",B000REIDY4,4.99,4.6,Godsblessings,15-Sep-20,1,The,second,I,opened,the,package,I,knew,something,was,off,The,smell,of,leaving,something,in,the,freezer,for,too,long,was,strong,I,was,really,looking,forward,to,trying,these,so,I,still,gave,them,a,go,Follow'd,the,instructions,on,the,back,and,I,didn't,take,more,than,a,bite,before,tossing,both,the,heated,nuggets,and,whatever,was,in,the,b,,,,,,,,,,,,,,,,,,,,,,,,,,,,,,,,,,,,,,,,,,,,,,,,,,,,,,,,,,,,,,,,,,,,,,,,,,,,,,,,,,,,,,,,,,,,,,,,,,,,,,,,,,,,,,,,,,,,,,,,,,,,,,,,,,,,,,,,,,,,,,,,,,,,,,,,,,,,,,,,,,,,,,,,,,,,,,,,,,,,,,,,,,,,,,,,,,,
Quorn,"Quorn Foods Meatless Nuggets, Vegetarian, Frozen, 10.6 Oz",B000REIDY4,4.99,4.6,Rez,25-Apr-19,1,These,were,absolutely,flavorless,They,weren't,good,or,bad,they,were,just,like,eating,some,kind,of,flavorless,material,Like,this,is,the,kind,of,thing,they,serve,you,in,the,future,in,a,colony,on,Mars,because,it,has,all,the,nutrients,you,need,but,additional,flavoring,would,rot,the,food,so,they,don't,do,it,The,texture,wasn't,bad,but,there,was,just,absolutely,no,flavor,to,these,at,all,There's,was,a,small,hint,of,it,on,the,breading,but,basically,it's,nothing,Every,vegetable,chicken,nugget,I've,ever,had,is,better,than,th,,,,,,,,,,,,,,,,,,,,,,,,,,,,,,,,,,,,,,,,,,,,,,,,,,,,,,,,,,,,,,,,,,,,,,,,,,,,,,,,,,,,,,,,,,,,,,,,,,,,,,,,,,,,,,,,,,,,,,,,,,,,,,,,,,,,,,,,,,,,,,,,,,,,,,,,,,,,,,,,,,,
Quorn,"Quorn Foods Meatless Nuggets, Vegetarian, Frozen, 10.6 Oz",B000REIDY4,4.99,4.6,Brandon D,16-Mar-19,1,STAY,away,from,Quorn,products,ZERO,stars!,I,had,to,rush,my,child,to,ER,because,the,chicken,patty,caused,an,anaphylactic,reaction,Research,the,ingredient,mycroprotein,in,Quorn,products!,I,called,their,headquarters,to,make,them,aware,of,another,case,of,a,severely,adverse,reaction--no,return,call,For,your/your,family's,sake,do,NOT,consume,Quorn,products!!!,0,s,,,,,,,,,,,,,,,,,,,,,,,,,,,,,,,,,,,,,,,,,,,,,,,,,,,,,,,,,,,,,,,,,,,,,,,,,,,,,,,,,,,,,,,,,,,,,,,,,,,,,,,,,,,,,,,,,,,,,,,,,,,,,,,,,,,,,,,,,,,,,,,,,,,,,,,,,,,,,,,,,,,,,,,,,,,,,,,,,,,,,,,,,,,,,,,,,,,,,,,,,
Quorn,"Quorn Foods Meatless Nuggets, Vegetarian, Frozen, 10.6 Oz",B000REIDY4,4.99,4.6,Amazon Customer,28-Mar-18,1,They,were,ok,I,only,had,one,and,my,daughter,only,had,half,of,one,She,ended,up,throwing,up,overnight,Maybe,it,was,the,Myprotien,they,warned,about,people,having,an,allergy,to,it,Will,not,be,purchasing,,,,,,,,,,,,,,,,,,,,,,,,,,,,,,,,,,,,,,,,,,,,,,,,,,,,,,,,,,,,,,,,,,,,,,,,,,,,,,,,,,,,,,,,,,,,,,,,,,,,,,,,,,,,,,,,,,,,,,,,,,,,,,,,,,,,,,,,,,,,,,,,,,,,,,,,,,,,,,,,,,,,,,,,,,,,,,,,,,,,,,,,,,,,,,,,,,,,,,,,,,,,,,,,,,,,,,,,,,,,,
Quorn,"Quorn Foods Meatless Grounds, Vegetarian, Frozen, 12 Oz",B000WLZHQ4,4.99,4.5,kkm,30-Sep-20,1,Made,me,so,sick!,I,100%,agree,with,the,other,reviewers,stating,that,they,also,experienced,really,bad,reactions,Itâ€™s,not,worth,the,gamble,of,if,youâ€™re,going,to,be,able,to,tolerant,this,product,or,not,trust,me,Kind,of,crazy,that,itâ€™s,even,sold,on,the,market,you,can,further,research,the,side,effects,on,google,if,you,need,more,conv,,,,,,,,,,,,,,,,,,,,,,,,,,,,,,,,,,,,,,,,,,,,,,,,,,,,,,,,,,,,,,,,,,,,,,,,,,,,,,,,,,,,,,,,,,,,,,,,,,,,,,,,,,,,,,,,,,,,,,,,,,,,,,,,,,,,,,,,,,,,,,,,,,,,,,,,,,,,,,,,,,,,,,,,,,,,,,,,,,,,,,,,,,,,,,,,,,,,,
Quorn,"Quorn Foods Meatless Grounds, Vegetarian, Frozen, 12 Oz",B000WLZHQ4,4.99,4.5,Sheila m.,27-Jun-20,1,I,have,since,discovered,that,several percent,or,up to 5%,(according,to,your,source),of,people,will,be,sensitive,to,this,product,due,to,the,fact,that,it,is,derived,from,a,source,that,humans,have,not,normally,digested,That,source,is,the,soil,mold,Fusarium,venenatum,It,is,very,unlikely,for,you,to,know,that,you,have,sensitivity,to,this,novel,protein,since,this,is,the,only,product,that,uses,it,If,you,are,sensitive,to,it,then,you,will,find,that,it,causes,digestive,problems,In,my,case,I,was,kept,awake,all,night,with,diarrhea,(I,would,call,it,a,full rinse),The,next,day,at,hour,19,I,got,a,debilitating,migraine,that,did,not,go,away,until,sleep,8,hours,later,Visiting,a,doctor,was,considered,but,ruled,out,after,finding,that,many,people,had,experienced,similar,symptoms,and,most,did,not,have,further,complications,If,you,are,not,sensitive,to,it,then,at,best,you,are,getting,a,terribly,bland,meat,imitation,product,Upon,initial,seasoning,I,found,that,it,had,the,taste,and,texture,of,shredded,cardboard,As,a,12-year,vegetarian,this,was,easily,remedied,and,I,made,it,delicious,It,pales,in,comparison,to,modern,brands,like,Beyond,Meat,or,Impossible,yet,is,still,miles,behind,something,mediocre,like,Boca,Bottom,line:,humans,have,consumed,peas,soy,and,wheat,for,thousands,of,years,If,you,want,to,take,a,chance,with,this,stuff,be,aware,of,the,potential,side,effects,They,are,well,documented,if,you,put,it,in,Google,I,wish,that,I,had
Quorn,"Quorn Foods Meatless Grounds, Vegetarian, Frozen, 12 Oz",B000WLZHQ4,4.99,4.5,Lynne,22-Jun-20,2,My,wife,got,super,sick,google,the,actual,ingredients,-,a,number,of,people,have,allergic,reactions,t,,,,,,,,,,,,,,,,,,,,,,,,,,,,,,,,,,,,,,,,,,,,,,,,,,,,,,,,,,,,,,,,,,,,,,,,,,,,,,,,,,,,,,,,,,,,,,,,,,,,,,,,,,,,,,,,,,,,,,,,,,,,,,,,,,,,,,,,,,,,,,,,,,,,,,,,,,,,,,,,,,,,,,,,,,,,,,,,,,,,,,,,,,,,,,,,,,,,,,,,,,,,,,,,,,,,,,,,,,,,,,,,,,,,,,,,,,,,,,,,,,
Quorn,"Quorn Foods Meatless Grounds, Vegetarian, Frozen, 12 Oz",B000WLZHQ4,4.99,4.5,Pri,28-Sep-19,2,Not,so,great,I,cooked,this,and,it,seemed,to,dissolve,and,the,flavor,was,very,bland,Two,stars,for,,,,,,,,,,,,,,,,,,,,,,,,,,,,,,,,,,,,,,,,,,,,,,,,,,,,,,,,,,,,,,,,,,,,,,,,,,,,,,,,,,,,,,,,,,,,,,,,,,,,,,,,,,,,,,,,,,,,,,,,,,,,,,,,,,,,,,,,,,,,,,,,,,,,,,,,,,,,,,,,,,,,,,,,,,,,,,,,,,,,,,,,,,,,,,,,,,,,,,,,,,,,,,,,,,,,,,,,,,,,,,,,,,,,,,,,,,,,,,,,
Quorn,"Quorn Foods Meatless Grounds, Vegetarian, Frozen, 12 Oz",B000WLZHQ4,4.99,4.5,Courtney Star Winters,10-Sep-18,2,The,Quorn,meats,are,delicious,But,they,give,me,horrible,stomach,cr,,,,,,,,,,,,,,,,,,,,,,,,,,,,,,,,,,,,,,,,,,,,,,,,,,,,,,,,,,,,,,,,,,,,,,,,,,,,,,,,,,,,,,,,,,,,,,,,,,,,,,,,,,,,,,,,,,,,,,,,,,,,,,,,,,,,,,,,,,,,,,,,,,,,,,,,,,,,,,,,,,,,,,,,,,,,,,,,,,,,,,,,,,,,,,,,,,,,,,,,,,,,,,,,,,,,,,,,,,,,,,,,,,,,,,,,,,,,,,,,,,,,,,,,
Boca,Boca Original Vegan Spicy Non-GMO Soy Chik'n Veggie Patties (4 Count),B000WLXM02,4.49,4.6,Majestic Alien Unicorn,4-Dec-20,1,These,things,taste,like,vinegar,,,,,,,,,,,,,,,,,,,,,,,,,,,,,,,,,,,,,,,,,,,,,,,,,,,,,,,,,,,,,,,,,,,,,,,,,,,,,,,,,,,,,,,,,,,,,,,,,,,,,,,,,,,,,,,,,,,,,,,,,,,,,,,,,,,,,,,,,,,,,,,,,,,,,,,,,,,,,,,,,,,,,,,,,,,,,,,,,,,,,,,,,,,,,,,,,,,,,,,,,,,,,,,,,,,,,,,,,,,,,,,,,,,,,,,,,,,,,,,,,,,,,,,,,,,,,,,
Boca,Boca Original Vegan Non-GMO Soy Chik'n Veggie Nuggets (10 oz Pouch),B000O6K852,2.95,4.5,dave,19-Oct-20,2,Put,them,in,the,air,fryer,and,honestly,they,are,disgusting,I'm,literally,throwing,th,,,,,,,,,,,,,,,,,,,,,,,,,,,,,,,,,,,,,,,,,,,,,,,,,,,,,,,,,,,,,,,,,,,,,,,,,,,,,,,,,,,,,,,,,,,,,,,,,,,,,,,,,,,,,,,,,,,,,,,,,,,,,,,,,,,,,,,,,,,,,,,,,,,,,,,,,,,,,,,,,,,,,,,,,,,,,,,,,,,,,,,,,,,,,,,,,,,,,,,,,,,,,,,,,,,,,,,,,,,,,,,,,,,,,,,,,,,,,,,,,,,,,
Boca,Boca Original Vegan Non-GMO Soy Chik'n Veggie Nuggets (10 oz Pouch),B000O6K852,2.95,4.5,Blues Hammer,10-Jul-20,2,Not,a,big,fan,of,these,They,breading,doesn't,get,very,crispy,and,they,were,very,rubbery,The,breading,was,very,similar,to,morning,star,chicken,nuggets,so,if,you,like,those,maybe,you'll,be,okay,with,these,The,taste,was,just,okay,not,good,but,not,te,,,,,,,,,,,,,,,,,,,,,,,,,,,,,,,,,,,,,,,,,,,,,,,,,,,,,,,,,,,,,,,,,,,,,,,,,,,,,,,,,,,,,,,,,,,,,,,,,,,,,,,,,,,,,,,,,,,,,,,,,,,,,,,,,,,,,,,,,,,,,,,,,,,,,,,,,,,,,,,,,,,,,,,,,,,,,,,,,,,,,,,,,,,,,,,,,,,,,,,,,,,,,,,,,,,,
Boca,Boca Original Vegan Non-GMO Soy Chik'n Veggie Nuggets (10 oz Pouch),B000O6K852,2.95,4.5,Mckay,28-Aug-18,1,taste,like,,,,,,,,,,,,,,,,,,,,,,,,,,,,,,,,,,,,,,,,,,,,,,,,,,,,,,,,,,,,,,,,,,,,,,,,,,,,,,,,,,,,,,,,,,,,,,,,,,,,,,,,,,,,,,,,,,,,,,,,,,,,,,,,,,,,,,,,,,,,,,,,,,,,,,,,,,,,,,,,,,,,,,,,,,,,,,,,,,,,,,,,,,,,,,,,,,,,,,,,,,,,,,,,,,,,,,,,,,,,,,,,,,,,,,,,,,,,,,,,,,,,,,,,,,,,,,,,,,
Boca,Boca Original Vegan Non-GMO Soy Chik'n Veggie Nuggets (10 oz Pouch),B000O6K852,2.95,4.5,Love to Shop,28-Jul-18,2,OK,but,the,LiteLife,is,MUCH,BETTER,Fresh,needs,to,carry,th,,,,,,,,,,,,,,,,,,,,,,,,,,,,,,,,,,,,,,,,,,,,,,,,,,,,,,,,,,,,,,,,,,,,,,,,,,,,,,,,,,,,,,,,,,,,,,,,,,,,,,,,,,,,,,,,,,,,,,,,,,,,,,,,,,,,,,,,,,,,,,,,,,,,,,,,,,,,,,,,,,,,,,,,,,,,,,,,,,,,,,,,,,,,,,,,,,,,,,,,,,,,,,,,,,,,,,,,,,,,,,,,,,,,,,,,,,,,,,,,,,,,,,,,
Boca,Boca Original Vegan Non-GMO Soy Chik'n Veggie Nuggets (10 oz Pouch),B000O6K852,2.95,4.5,Stephanie,18-Aug-17,2,Were,you,excited,that,Boca,made,vegan,chicken,nuggets,too?I've,been,vegan,for,almost,four,years,and,consider,myself,an,expert,on,heavily-processed,frozen,vegan,fake,meats,I've,tried,every,brand,from,Litelife,to,Gardein,so,please,believe,me,when,I,tell,you,that,these,things,are,absolute,garbage,The,texture,My,god,the,texture,For,some,reason,these,things,have,very,little,bite,or,chee,to,them-,they,just,disolve,into,a,bland,paste,inside,your,mouth,They,are,almost,flavorless,and,lack,that,strong,chickeny,flavor,of,the,Boca,chicken,patties,or,the,Gardein,chicken,strips,I,tried,pan-searing,them,in,hopes,that,crisping,up,the,exterior,would,add,some,sort,of,texture,and,flavor,but,sadly,that,didn't,do,much,Even,frying,these,bad,boys,won't,imrpove,that,god-awful,mushy,t,,,,,,,,,,,,,,,,,,,,,,,,,,,,,,,,,,,,,,,,,,,,,,,,,,,,,,,,,,,,,,,,,,,,,,,,,,,,,,,,,,,,,,,,,,,,,,,,,,,,,,,,,,,,,,,,,,,,,,,,,,,,,,
Gardein,"Gardein Gluten-Free Ultimate Plant-Based Beefless Ground Crumbles, Vegan, Frozen, 13.7 oz.",,4.79,4.7,Renee Sylvester,27-May-21,1,Worst,taste,ever,Smelled,and,tasted,how,I,imagine,dog,food,would,taste,I,tried,to,eat,2,spoons,and,almost,vomited,both,times,Threw,the,whole,bag,away,Neve,,,,,,,,,,,,,,,,,,,,,,,,,,,,,,,,,,,,,,,,,,,,,,,,,,,,,,,,,,,,,,,,,,,,,,,,,,,,,,,,,,,,,,,,,,,,,,,,,,,,,,,,,,,,,,,,,,,,,,,,,,,,,,,,,,,,,,,,,,,,,,,,,,,,,,,,,,,,,,,,,,,,,,,,,,,,,,,,,,,,,,,,,,,,,,,,,,,,,,,,,,,,,,,,,,,,,,,,,,,,,,,,,,,,,,
Gardein,"Gardein Gluten-Free Ultimate Plant-Based Beefless Ground Crumbles, Vegan, Frozen, 13.7 oz.",,4.79,4.7,JoAnn G.,27-Apr-21,1,Not,real,food!,You,are,better,off,not,eating,if,this,is,your,only,option,Toxic,ingredients,and,gross,taste,Eat,real,beef,or,beans,instead,Not,pseud,,,,,,,,,,,,,,,,,,,,,,,,,,,,,,,,,,,,,,,,,,,,,,,,,,,,,,,,,,,,,,,,,,,,,,,,,,,,,,,,,,,,,,,,,,,,,,,,,,,,,,,,,,,,,,,,,,,,,,,,,,,,,,,,,,,,,,,,,,,,,,,,,,,,,,,,,,,,,,,,,,,,,,,,,,,,,,,,,,,,,,,,,,,,,,,,,,,,,,,,,,,,,,,,,,,,,,,,,,,,,,,,,,,,,,,,
Gardein,"Gardein Gluten-Free Ultimate Plant-Based Beefless Ground Crumbles, Vegan, Frozen, 13.7 oz.",,4.79,4.7,peaceful shopper,19-Oct-20,1,If,you,get,headaches,from,food,triggers,this,will,trigger,it,Tastes,horrible,and,whatever,fake,ingredients,are,in,it,will,cause,a,wonderful,long,lasting,headache,Never,again,wit,,,,,,,,,,,,,,,,,,,,,,,,,,,,,,,,,,,,,,,,,,,,,,,,,,,,,,,,,,,,,,,,,,,,,,,,,,,,,,,,,,,,,,,,,,,,,,,,,,,,,,,,,,,,,,,,,,,,,,,,,,,,,,,,,,,,,,,,,,,,,,,,,,,,,,,,,,,,,,,,,,,,,,,,,,,,,,,,,,,,,,,,,,,,,,,,,,,,,,,,,,,,,,,,,,,,,,,,,,,,,,,,,,,,,,
Gardein,"Gardein Gluten-Free Ultimate Plant-Based Beefless Ground Crumbles, Vegan, Frozen, 13.7 oz.",,4.79,4.7,R,9-Aug-20,2,Was,defrosted,when,it,arrived,Mushy,,,,,,,,,,,,,,,,,,,,,,,,,,,,,,,,,,,,,,,,,,,,,,,,,,,,,,,,,,,,,,,,,,,,,,,,,,,,,,,,,,,,,,,,,,,,,,,,,,,,,,,,,,,,,,,,,,,,,,,,,,,,,,,,,,,,,,,,,,,,,,,,,,,,,,,,,,,,,,,,,,,,,,,,,,,,,,,,,,,,,,,,,,,,,,,,,,,,,,,,,,,,,,,,,,,,,,,,,,,,,,,,,,,,,,,,,,,,,,,,,,,,,,,,,,,,,,
Gardein,"Gardein Sliced Italian Plant-Based Saus'age, Vegan, Frozen, 9 oz.",,4.99,4.6,Pippi,19-May-21,1,To,much,fennel,Like,yuck,I,like,a,good,amount,of,the,products,But,this,one,is,over,flavored,Like,the,meatballs,are,way,good,But,since,you,guys,spice,them,I,can't,say,make,sweetish,meatballs,They,will,still,taste,Ita,,,,,,,,,,,,,,,,,,,,,,,,,,,,,,,,,,,,,,,,,,,,,,,,,,,,,,,,,,,,,,,,,,,,,,,,,,,,,,,,,,,,,,,,,,,,,,,,,,,,,,,,,,,,,,,,,,,,,,,,,,,,,,,,,,,,,,,,,,,,,,,,,,,,,,,,,,,,,,,,,,,,,,,,,,,,,,,,,,,,,,,,,,,,,,,,,,,,,,,,,,,,,,,,,,,,,,,,,,
Gardein,"Gardein Sliced Italian Plant-Based Saus'age, Vegan, Frozen, 9 oz.",,4.99,4.6,Sara McCarthy,24-Feb-21,1,,,,,,,,,,,,,,,,,,,,,,,,,,,,,,,,,,,,,,,,,,,,,,,,,,,,,,,,,,,,,,,,,,,,,,,,,,,,,,,,,,,,,,,,,,,,,,,,,,,,,,,,,,,,,,,,,,,,,,,,,,,,,,,,,,,,,,,,,,,,,,,,,,,,,,,,,,,,,,,,,,,,,,,,,,,,,,,,,,,,,,,,,,,,,,,,,,,,,,,,,,,,,,,,,,,,,,,,,,,,,,,,,,,,,,,,,,,,,,,,,,,,,,,,,,,,,,,,,,,,
Gardein,"Gardein Sliced Italian Plant-Based Saus'age, Vegan, Frozen, 9 oz.",,4.99,4.6,Linda R Olivieri,4-Jan-21,1,Really,didn't,like,these,texturally,and,taste-wise,Beyond,Sausage,is,so,much,better,in,my,opinion,I,had,ordered,these,because,the,Beyonds,were,out,of,stock,I,had,to,toss,them,unfortu,,,,,,,,,,,,,,,,,,,,,,,,,,,,,,,,,,,,,,,,,,,,,,,,,,,,,,,,,,,,,,,,,,,,,,,,,,,,,,,,,,,,,,,,,,,,,,,,,,,,,,,,,,,,,,,,,,,,,,,,,,,,,,,,,,,,,,,,,,,,,,,,,,,,,,,,,,,,,,,,,,,,,,,,,,,,,,,,,,,,,,,,,,,,,,,,,,,,,,,,,,,,,,,,,,,,,,,,,,,,,,,,,,,
Gardein,"Gardein, Burger Beefless Ultimate, 12 Ounce",,4.79,4.5,Amazon Customer,17-May-21,1,Horrible,Salty,otherwise,flavorless,Not,sure,what,theyâ€™re,going,for,but,if,this,is,supposed,to,be,a,substitute,for,beef,itâ€™s,a,major,fail,If,not,itâ€™s,just,plain,bad,all,on,i,,,,,,,,,,,,,,,,,,,,,,,,,,,,,,,,,,,,,,,,,,,,,,,,,,,,,,,,,,,,,,,,,,,,,,,,,,,,,,,,,,,,,,,,,,,,,,,,,,,,,,,,,,,,,,,,,,,,,,,,,,,,,,,,,,,,,,,,,,,,,,,,,,,,,,,,,,,,,,,,,,,,,,,,,,,,,,,,,,,,,,,,,,,,,,,,,,,,,,,,,,,,,,,,,,,,,,,,,,,,,,,,,,
Gardein,"Gardein, Burger Beefless Ultimate, 12 Ounce",,4.79,4.5,Dee,16-May-21,1,In,the,fine,print,it,has,cucumber,seeds,which,it,SHOUD,mention,in,the,purchase,area,and,did,not,find,out,till,after,eating,these!,Do,NOT,recommend,for,someone,with,divertic,,,,,,,,,,,,,,,,,,,,,,,,,,,,,,,,,,,,,,,,,,,,,,,,,,,,,,,,,,,,,,,,,,,,,,,,,,,,,,,,,,,,,,,,,,,,,,,,,,,,,,,,,,,,,,,,,,,,,,,,,,,,,,,,,,,,,,,,,,,,,,,,,,,,,,,,,,,,,,,,,,,,,,,,,,,,,,,,,,,,,,,,,,,,,,,,,,,,,,,,,,,,,,,,,,,,,,,,,,,,,,,,,,,,
Gardein,"Gardein, Burger Beefless Ultimate, 12 Ounce",,4.79,4.5,DB,23-Mar-21,1,The,faux,beef,flavoring,tastes,like,stale,beef,that's,been,left,in,the,fridge,for,too,many,days,Can't,believe,people,like,this,crap!,I,actually,like,other,Gardein,products,like,their,veggie,burger,and,fishless,filets,so,this,was,very,disappo,,,,,,,,,,,,,,,,,,,,,,,,,,,,,,,,,,,,,,,,,,,,,,,,,,,,,,,,,,,,,,,,,,,,,,,,,,,,,,,,,,,,,,,,,,,,,,,,,,,,,,,,,,,,,,,,,,,,,,,,,,,,,,,,,,,,,,,,,,,,,,,,,,,,,,,,,,,,,,,,,,,,,,,,,,,,,,,,,,,,,,,,,,,,,,,,,,,,,,,,,,,,,,,,,,,,,,,,,,
Gardein,"Gardein, Burger Beefless Ultimate, 12 Ounce",,4.79,4.5,Darrell Ightful,22-Mar-21,1,Holy,crap,these,things,taste,awful,I,didn't,really,expect,them,to,taste,like,beef,but,they,don't,even,taste,lik,,,,,,,,,,,,,,,,,,,,,,,,,,,,,,,,,,,,,,,,,,,,,,,,,,,,,,,,,,,,,,,,,,,,,,,,,,,,,,,,,,,,,,,,,,,,,,,,,,,,,,,,,,,,,,,,,,,,,,,,,,,,,,,,,,,,,,,,,,,,,,,,,,,,,,,,,,,,,,,,,,,,,,,,,,,,,,,,,,,,,,,,,,,,,,,,,,,,,,,,,,,,,,,,,,,,,,,,,,,,,,,,,,,,,,,,,,,,,,,
Gardein,"Gardein, Burger Beefless Ultimate, 12 Ounce",,4.79,4.5,Chris,11-Mar-21,1,There,is,nothing,whole,about,this,food,item,The,first,actual,whole,food,in,it,is,onion!,The,onion,only,comes,after,water,(first,ingredient),a,variety,of,manufactured,concentrates,and,caramel,color,Then,follows,more,manufactured,food,products,It,doesn't,matter,whether,this,product,tastes,good,or,not,or,whether,it,has,no,cholesterol,or,less,fat,It's,a,completely,fake,food,item,that,does,not,live,up,to,the,name,of,this,establi,,,,,,,,,,,,,,,,,,,,,,,,,,,,,,,,,,,,,,,,,,,,,,,,,,,,,,,,,,,,,,,,,,,,,,,,,,,,,,,,,,,,,,,,,,,,,,,,,,,,,,,,,,,,,,,,,,,,,,,,,,,,,,,,,,,,,,,,,,,,,,,,,,,,,,,,,,,,,,,,,,,,,,,,,,,,,,,,,,,,,,,,,
Gardein,"Gardein, Burger Beefless Ultimate, 12 Ounce",,4.79,4.5,MWBL,5-Mar-21,1,Tummy,t,,,,,,,,,,,,,,,,,,,,,,,,,,,,,,,,,,,,,,,,,,,,,,,,,,,,,,,,,,,,,,,,,,,,,,,,,,,,,,,,,,,,,,,,,,,,,,,,,,,,,,,,,,,,,,,,,,,,,,,,,,,,,,,,,,,,,,,,,,,,,,,,,,,,,,,,,,,,,,,,,,,,,,,,,,,,,,,,,,,,,,,,,,,,,,,,,,,,,,,,,,,,,,,,,,,,,,,,,,,,,,,,,,,,,,,,,,,,,,,,,,,,,,,,,,,,,,,,,,
Gardein,"Gardein, Burger Beefless Ultimate, 12 Ounce",,4.79,4.5,ESchool,28-Feb-21,2,I,like,The,taste,but,my,tummy,doesnâ€™t,like,,,,,,,,,,,,,,,,,,,,,,,,,,,,,,,,,,,,,,,,,,,,,,,,,,,,,,,,,,,,,,,,,,,,,,,,,,,,,,,,,,,,,,,,,,,,,,,,,,,,,,,,,,,,,,,,,,,,,,,,,,,,,,,,,,,,,,,,,,,,,,,,,,,,,,,,,,,,,,,,,,,,,,,,,,,,,,,,,,,,,,,,,,,,,,,,,,,,,,,,,,,,,,,,,,,,,,,,,,,,,,,,,,,,,,,,,,,,,,,,,,,,,,,,,,,
Gardein,"Gardein, Burger Beefless Ultimate, 12 Ounce",,4.79,4.5,Katy,4-Jan-21,1,They,have,a,weird,taste,&,texture,Was,hoping,they,would,be,similar,to,Boca,Burgers,another,meatless,brand,No,one,liked,the,taste,Wish,Amazon,sold,Boca,Won't,buy,this,brand,,,,,,,,,,,,,,,,,,,,,,,,,,,,,,,,,,,,,,,,,,,,,,,,,,,,,,,,,,,,,,,,,,,,,,,,,,,,,,,,,,,,,,,,,,,,,,,,,,,,,,,,,,,,,,,,,,,,,,,,,,,,,,,,,,,,,,,,,,,,,,,,,,,,,,,,,,,,,,,,,,,,,,,,,,,,,,,,,,,,,,,,,,,,,,,,,,,,,,,,,,,,,,,,,,,,,,,,,,,,,,,,,,,,
Gardein,"Gardein, Burger Beefless Ultimate, 12 Ounce",,4.79,4.5,K. Moore,29-Aug-20,1,One,of,the,first,ingredients,is,wheat,gluten,Iâ€™m,gluten-sensitive,I,got,gluten-free,buns,to,eat,these,with,it,never,occurred,to,me,there,might,be,gluten,in,the,p,,,,,,,,,,,,,,,,,,,,,,,,,,,,,,,,,,,,,,,,,,,,,,,,,,,,,,,,,,,,,,,,,,,,,,,,,,,,,,,,,,,,,,,,,,,,,,,,,,,,,,,,,,,,,,,,,,,,,,,,,,,,,,,,,,,,,,,,,,,,,,,,,,,,,,,,,,,,,,,,,,,,,,,,,,,,,,,,,,,,,,,,,,,,,,,,,,,,,,,,,,,,,,,,,,,,,,,,,,,,,,,,,,,,,,
Gardein,"Gardein, Burger Beefless Ultimate, 12 Ounce",,4.79,4.5,Tanecia L Copeland,23-Feb-20,1,Gro,,,,,,,,,,,,,,,,,,,,,,,,,,,,,,,,,,,,,,,,,,,,,,,,,,,,,,,,,,,,,,,,,,,,,,,,,,,,,,,,,,,,,,,,,,,,,,,,,,,,,,,,,,,,,,,,,,,,,,,,,,,,,,,,,,,,,,,,,,,,,,,,,,,,,,,,,,,,,,,,,,,,,,,,,,,,,,,,,,,,,,,,,,,,,,,,,,,,,,,,,,,,,,,,,,,,,,,,,,,,,,,,,,,,,,,,,,,,,,,,,,,,,,,,,,,,,,,,,,,
Tofurky,"Tofurky, Deli Slices, Hickory Smoked, 5.5 oz",B000O6I9YY,2.99,4.6,ok,8-Feb-21,1,This,has,a,really,strong,weird,fake,after,taste,extremely,salty,I,donâ€™t,get,how,this,has,some,great,reviews,Itâ€™s,ho,,,,,,,,,,,,,,,,,,,,,,,,,,,,,,,,,,,,,,,,,,,,,,,,,,,,,,,,,,,,,,,,,,,,,,,,,,,,,,,,,,,,,,,,,,,,,,,,,,,,,,,,,,,,,,,,,,,,,,,,,,,,,,,,,,,,,,,,,,,,,,,,,,,,,,,,,,,,,,,,,,,,,,,,,,,,,,,,,,,,,,,,,,,,,,,,,,,,,,,,,,,,,,,,,,,,,,,,,,,,,,,,,,,,,,,,,,,,,,
Tofurky,"Tofurky, Deli Slices, Hickory Smoked, 5.5 oz",B000O6I9YY,2.99,4.6,hitchens,4-Jan-21,1,I,cannot,believe,how,revolting,I,found,this,brand's,products,I,will,NEVER,buy,Tofurky,again,Even,cooking,these,in,various,ways,did,not,change,how,bad,they,,,,,,,,,,,,,,,,,,,,,,,,,,,,,,,,,,,,,,,,,,,,,,,,,,,,,,,,,,,,,,,,,,,,,,,,,,,,,,,,,,,,,,,,,,,,,,,,,,,,,,,,,,,,,,,,,,,,,,,,,,,,,,,,,,,,,,,,,,,,,,,,,,,,,,,,,,,,,,,,,,,,,,,,,,,,,,,,,,,,,,,,,,,,,,,,,,,,,,,,,,,,,,,,,,,,,,,,,,,,,,,,,,,,,,,,
Tofurky,"Tofurky, Deli Slices, Hickory Smoked, 5.5 oz",B000O6I9YY,2.99,4.6,dem,26-Jun-20,1,N,,,,,,,,,,,,,,,,,,,,,,,,,,,,,,,,,,,,,,,,,,,,,,,,,,,,,,,,,,,,,,,,,,,,,,,,,,,,,,,,,,,,,,,,,,,,,,,,,,,,,,,,,,,,,,,,,,,,,,,,,,,,,,,,,,,,,,,,,,,,,,,,,,,,,,,,,,,,,,,,,,,,,,,,,,,,,,,,,,,,,,,,,,,,,,,,,,,,,,,,,,,,,,,,,,,,,,,,,,,,,,,,,,,,,,,,,,,,,,,,,,,,,,,,,,,,,,,,,,,
Tofurky,"Tofurky, Deli Slices, Hickory Smoked, 5.5 oz",B000O6I9YY,2.99,4.6,Loretta C.,11-Apr-20,1,This,stuff,is,absolutely,horrid!,smells,like,dog,food,and,I,imagine,it,tastes,like,it,too,So,tremendously,awful,I,spit,it,out,and,tossed,the,rest,It,worries,me,people,actually,say,they,like,this,junk,Smells,like,a,wet,tennis,shoe,from,the,side,of,the,road,AVOID,at,all,,,,,,,,,,,,,,,,,,,,,,,,,,,,,,,,,,,,,,,,,,,,,,,,,,,,,,,,,,,,,,,,,,,,,,,,,,,,,,,,,,,,,,,,,,,,,,,,,,,,,,,,,,,,,,,,,,,,,,,,,,,,,,,,,,,,,,,,,,,,,,,,,,,,,,,,,,,,,,,,,,,,,,,,,,,,,,,,,,,,,,,,,,,,,,,,,,,,,,,,,,,,,,,
Tofurky,"Tofurky, Deli Slices, Hickory Smoked, 5.5 oz",B000O6I9YY,2.99,4.6,Jordana I.,5-Jun-19,1,Wait,a,minute,this,is,for,ONE,BOX???,Really???,Okay,if,this,is,for,one,box,of,this,you,can,get,it,at,any,local,grocery,store,for,$3 ,50,-,$4 ,0,for,ONE,BOX,If,this,is,for,one,case,then,there,better,be,about,10,in,one,case!,Cause,that's,the,ONLY,justification,for,that,price,o,,,,,,,,,,,,,,,,,,,,,,,,,,,,,,,,,,,,,,,,,,,,,,,,,,,,,,,,,,,,,,,,,,,,,,,,,,,,,,,,,,,,,,,,,,,,,,,,,,,,,,,,,,,,,,,,,,,,,,,,,,,,,,,,,,,,,,,,,,,,,,,,,,,,,,,,,,,,,,,,,,,,,,,,,,,,,,,,,,,,,,,,,,,,,,,,,,,,,,,,
Tofurky,"Tofurky, Deli Slices, Hickory Smoked, 5.5 oz",B000O6I9YY,2.99,4.6,Brandon D,9-Jul-18,2,This,was,pretty,yucky,Like,Fruit,by,The,Foot,made,out,of,beans,with,a,lot,of,,,,,,,,,,,,,,,,,,,,,,,,,,,,,,,,,,,,,,,,,,,,,,,,,,,,,,,,,,,,,,,,,,,,,,,,,,,,,,,,,,,,,,,,,,,,,,,,,,,,,,,,,,,,,,,,,,,,,,,,,,,,,,,,,,,,,,,,,,,,,,,,,,,,,,,,,,,,,,,,,,,,,,,,,,,,,,,,,,,,,,,,,,,,,,,,,,,,,,,,,,,,,,,,,,,,,,,,,,,,,,,,,,,,,,,,,,,,,,,,,,,
,,,,,Matthew,22-Nov-20,2,Maybe,I,haven't,had,a,good,real,sausage,in,too,long,but,this,tasted,a,little,too,much,like,offal,,,,,,,,,,,,,,,,,,,,,,,,,,,,,,,,,,,,,,,,,,,,,,,,,,,,,,,,,,,,,,,,,,,,,,,,,,,,,,,,,,,,,,,,,,,,,,,,,,,,,,,,,,,,,,,,,,,,,,,,,,,,,,,,,,,,,,,,,,,,,,,,,,,,,,,,,,,,,,,,,,,,,,,,,,,,,,,,,,,,,,,,,,,,,,,,,,,,,,,,,,,,,,,,,,,,,,,,,,,,,,,,,,,,,,,,,,,,,,,,
,,,,,Matthew,22-Nov-20,2,Maybe,I,haven't,had,a,good,real,sausage,in,too,long,but,this,tasted,a,little,too,much,like,offal,,,,,,,,,,,,,,,,,,,,,,,,,,,,,,,,,,,,,,,,,,,,,,,,,,,,,,,,,,,,,,,,,,,,,,,,,,,,,,,,,,,,,,,,,,,,,,,,,,,,,,,,,,,,,,,,,,,,,,,,,,,,,,,,,,,,,,,,,,,,,,,,,,,,,,,,,,,,,,,,,,,,,,,,,,,,,,,,,,,,,,,,,,,,,,,,,,,,,,,,,,,,,,,,,,,,,,,,,,,,,,,,,,,,,,,,,,,,,,,,
,,,,,Nightjasmine,21-May-20,1,Everything,was,great,until,I,experienced,nausea,and,diarrhea,an,hour,after,ingesting,the,patties,every,time,Hard,pass,for,getting,sick,on,,,,,,,,,,,,,,,,,,,,,,,,,,,,,,,,,,,,,,,,,,,,,,,,,,,,,,,,,,,,,,,,,,,,,,,,,,,,,,,,,,,,,,,,,,,,,,,,,,,,,,,,,,,,,,,,,,,,,,,,,,,,,,,,,,,,,,,,,,,,,,,,,,,,,,,,,,,,,,,,,,,,,,,,,,,,,,,,,,,,,,,,,,,,,,,,,,,,,,,,,,,,,,,,,,,,,,,,,,,,,,,,,,,,,,,,,,,,,
Tofurky,"Tofurky, Deli Slices, Hickory Smoked, 5.5 oz",B000O6I9YY,3.39,4.6,ok,8-Feb-21,1,This,has,a,really,strong,weird,fake,after,taste,extremely,salty,I,donâ€™t,get,how,this,has,some,great,reviews,Itâ€™s,ho,,,,,,,,,,,,,,,,,,,,,,,,,,,,,,,,,,,,,,,,,,,,,,,,,,,,,,,,,,,,,,,,,,,,,,,,,,,,,,,,,,,,,,,,,,,,,,,,,,,,,,,,,,,,,,,,,,,,,,,,,,,,,,,,,,,,,,,,,,,,,,,,,,,,,,,,,,,,,,,,,,,,,,,,,,,,,,,,,,,,,,,,,,,,,,,,,,,,,,,,,,,,,,,,,,,,,,,,,,,,,,,,,,,,,,,,,,,,,,
Tofurky,"Tofurky, Deli Slices, Hickory Smoked, 5.5 oz",B000O6I9YY,3.39,4.6,hitchens,4-Jan-21,1,I,cannot,believe,how,revolting,I,found,this,brand's,products,I,will,NEVER,buy,Tofurky,again,Even,cooking,these,in,various,ways,did,not,change,how,bad,they,,,,,,,,,,,,,,,,,,,,,,,,,,,,,,,,,,,,,,,,,,,,,,,,,,,,,,,,,,,,,,,,,,,,,,,,,,,,,,,,,,,,,,,,,,,,,,,,,,,,,,,,,,,,,,,,,,,,,,,,,,,,,,,,,,,,,,,,,,,,,,,,,,,,,,,,,,,,,,,,,,,,,,,,,,,,,,,,,,,,,,,,,,,,,,,,,,,,,,,,,,,,,,,,,,,,,,,,,,,,,,,,,,,,,,,,
Tofurky,"Tofurky, Deli Slices, Hickory Smoked, 5.5 oz",B000O6I9YY,3.39,4.6,dem,26-Jun-20,1,N,,,,,,,,,,,,,,,,,,,,,,,,,,,,,,,,,,,,,,,,,,,,,,,,,,,,,,,,,,,,,,,,,,,,,,,,,,,,,,,,,,,,,,,,,,,,,,,,,,,,,,,,,,,,,,,,,,,,,,,,,,,,,,,,,,,,,,,,,,,,,,,,,,,,,,,,,,,,,,,,,,,,,,,,,,,,,,,,,,,,,,,,,,,,,,,,,,,,,,,,,,,,,,,,,,,,,,,,,,,,,,,,,,,,,,,,,,,,,,,,,,,,,,,,,,,,,,,,,,,
Tofurky,"Tofurky, Deli Slices, Hickory Smoked, 5.5 oz",B000O6I9YY,3.39,4.6,Loretta C.,11-Apr-20,1,This,stuff,is,absolutely,horrid!,smells,like,dog,food,and,I,imagine,it,tastes,like,it,too,So,tremendously,awful,I,spit,it,out,and,tossed,the,rest,It,worries,me,people,actually,say,they,like,this,junk,Smells,like,a,wet,tennis,shoe,from,the,side,of,the,road,AVOID,at,all,,,,,,,,,,,,,,,,,,,,,,,,,,,,,,,,,,,,,,,,,,,,,,,,,,,,,,,,,,,,,,,,,,,,,,,,,,,,,,,,,,,,,,,,,,,,,,,,,,,,,,,,,,,,,,,,,,,,,,,,,,,,,,,,,,,,,,,,,,,,,,,,,,,,,,,,,,,,,,,,,,,,,,,,,,,,,,,,,,,,,,,,,,,,,,,,,,,,,,,,,,,,,,,
Tofurky,"Tofurky, Deli Slices, Hickory Smoked, 5.5 oz",B000O6I9YY,3.39,4.6,Jordana I.,5-Jun-19,1,Wait,a,minute,this,is,for,ONE,BOX???,Really???,Okay,if,this,is,for,one,box,of,this,you,can,get,it,at,any,local,grocery,store,for,$3 ,50,-,$4 ,0,for,ONE,BOX,If,this,is,for,one,case,then,there,better,be,about,10,in,one,case!,Cause,that's,the,ONLY,justification,for,that,price,o,,,,,,,,,,,,,,,,,,,,,,,,,,,,,,,,,,,,,,,,,,,,,,,,,,,,,,,,,,,,,,,,,,,,,,,,,,,,,,,,,,,,,,,,,,,,,,,,,,,,,,,,,,,,,,,,,,,,,,,,,,,,,,,,,,,,,,,,,,,,,,,,,,,,,,,,,,,,,,,,,,,,,,,,,,,,,,,,,,,,,,,,,,,,,,,,,,,,,,,,
Tofurky,"Tofurky, Deli Slices, Hickory Smoked, 5.5 oz",B000O6I9YY,3.39,4.6,Brandon D,9-Jul-18,2,This,was,pretty,yucky,Like,Fruit,by,The,Foot,made,out,of,beans,with,a,lot,of,,,,,,,,,,,,,,,,,,,,,,,,,,,,,,,,,,,,,,,,,,,,,,,,,,,,,,,,,,,,,,,,,,,,,,,,,,,,,,,,,,,,,,,,,,,,,,,,,,,,,,,,,,,,,,,,,,,,,,,,,,,,,,,,,,,,,,,,,,,,,,,,,,,,,,,,,,,,,,,,,,,,,,,,,,,,,,,,,,,,,,,,,,,,,,,,,,,,,,,,,,,,,,,,,,,,,,,,,,,,,,,,,,,,,,,,,,,,,,,,,,,
Beyond Meat,"Beyond Meat Beyond Sausage Plant-Based Dinner Sausage Links, Brat Original 14 oz",B07B6HV451,9.39,4.7,De DiMa,8-Jun-21,2,I,donâ€™t,like,the,taste,nor,the,texture,To,be,honest,liked,the,veggies,I,made,to,put,on,top,of,theseâ€”onions,green,and,red,pepper,garlicâ€”so,much,more!,Will,not,buy,them,ever,,,,,,,,,,,,,,,,,,,,,,,,,,,,,,,,,,,,,,,,,,,,,,,,,,,,,,,,,,,,,,,,,,,,,,,,,,,,,,,,,,,,,,,,,,,,,,,,,,,,,,,,,,,,,,,,,,,,,,,,,,,,,,,,,,,,,,,,,,,,,,,,,,,,,,,,,,,,,,,,,,,,,,,,,,,,,,,,,,,,,,,,,,,,,,,,,,,,,,,,,,,,,,,,,,,,,,,,,,,,,,,,,,
Beyond Meat,"Beyond Meat Beyond Sausage Plant-Based Dinner Sausage Links, Brat Original 14 oz",B07B6HV451,9.39,4.7,rmva,3-Jun-21,1,I,did,not,like,this,at,all,It,smelled,funny,and,tasted,weird,I,am,surprised,that,there,are,so,many,positive,reviews,I'm,very,disappointed,in,this,p,,,,,,,,,,,,,,,,,,,,,,,,,,,,,,,,,,,,,,,,,,,,,,,,,,,,,,,,,,,,,,,,,,,,,,,,,,,,,,,,,,,,,,,,,,,,,,,,,,,,,,,,,,,,,,,,,,,,,,,,,,,,,,,,,,,,,,,,,,,,,,,,,,,,,,,,,,,,,,,,,,,,,,,,,,,,,,,,,,,,,,,,,,,,,,,,,,,,,,,,,,,,,,,,,,,,,,,,,,,,,,,,,,,,,,,
Beyond Meat,"Beyond Meat Beyond Sausage Plant-Based Dinner Sausage Links, Brat Original 14 oz",B07B6HV451,9.39,4.7,Jennifer Burgert,22-Apr-21,1,Very,disappointing,Iâ€™ve,had,Beyond,Meats,Italia,sausage,at,least,a,half,dozen,times,both,dining,out,and,at,home,I,had,high,hopes,for,a,beer,and,brats,while,watching,a,ball,game,I,grilled,the,brat,sautÃ©ed,onions,and,peppers,hollowed,out,a,hoagie,roll,made,coleslaw,and,roasted,some,leftover,Hubbard,squash,Nice,vegan,meal,except,the,sausage,was,horrid,Itâ€™s,not,that,it,was,undistinguished-,it,was,unpleasant,The,taste,bore,no,resemblance,to,bratwurst,It,tasted,like,a,mixture,of,grains,grass,clippings,and,a,little,nutmeg,Very,vegetal,They,were,definitely,not,Beyond,Meat,or,even,beyond,Tofurkey,or,SoyBoy,Not,Dogs,for,that,,,,,,,,,,,,,,,,,,,,,,,,,,,,,,,,,,,,,,,,,,,,,,,,,,,,,,,,,,,,,,,,,,,,,,,,,,,,,,,,,,,,,,,,,,,,,,,,,,,,,,,,,,,,,,,,,,,,,,,,,,,,,,,,,,,,,,,,,,,,,,,,,,,,,,
Beyond Meat,"Beyond Meat Beyond Sausage Plant-Based Dinner Sausage Links, Brat Original 14 oz",B07B6HV451,9.39,4.7,chaun,10-Mar-21,1,Tastes,nothing,like,real,Bratwurst,Greasy,excessively,salty,and,has,fennel,which,is,NOT,an,appropriate,seasoning,for,bratwurst,I,threw,the,extras,in,the,trash,As,someone,who,used,to,make,my,ow,sausages,the,seasonings,for,brats,per,5,lbs,pork,include,4-tsp,sugar1-tbsp,ground,coriander1-tbsp,ground,sage1-tsp,paprika1-tsp,cayenne,pepper2-tsp,dried,rosemary1-tbsp,dry,mustard1-tsp,pepper1-tsp,nutmeg4-tsp,saltNot,fennel,Ever,As,for,salt,I,usually,add,salt,to,everything,but,this,was,far,too,salty,even,,,,,,,,,,,,,,,,,,,,,,,,,,,,,,,,,,,,,,,,,,,,,,,,,,,,,,,,,,,,,,,,,,,,,,,,,,,,,,,,,,,,,,,,,,,,,,,,,,,,,,,,,,,,,,,,,,,,,,,,,,,,,,,,,,,,,,,,,,,,,,,,,,,,,,,,,,,,,,,,,,,,,,,,,,,,,,,,,,,,,,
Beyond Meat,"Beyond Meat Beyond Breakfast Sausage Plant-Based Breakfast Patties, Classic 7.4 oz",B084NF3NHR,5.49,4.6,Chloe,9-Jun-21,1,I,like,beyond,burgers,but,these,breakfast,sausages,donâ€™t,work,in,my,opinion,I,prefer,Morningstar,Farms,breakfast,sausage,if,going,meatless,I,threw,the,rest,of,this,box,out,after,one,bite,I,just,knew,I,wouldnâ€™t,fin,,,,,,,,,,,,,,,,,,,,,,,,,,,,,,,,,,,,,,,,,,,,,,,,,,,,,,,,,,,,,,,,,,,,,,,,,,,,,,,,,,,,,,,,,,,,,,,,,,,,,,,,,,,,,,,,,,,,,,,,,,,,,,,,,,,,,,,,,,,,,,,,,,,,,,,,,,,,,,,,,,,,,,,,,,,,,,,,,,,,,,,,,,,,,,,,,,,,,,,,,,,,,,,,,,,,,,,,,,,,,
Beyond Meat,"Beyond Meat Beyond Breakfast Sausage Plant-Based Breakfast Patties, Classic 7.4 oz",B084NF3NHR,5.49,4.6,Ayana Horton,7-Jun-21,1,Literally,taste,like,DOG,FOOD!,Suitable,for,partners,who,are,cheaters,and,mass,terriers,only,(well,any,dog),WARNING,don't,feed,to,kids,who,are,6,they,will,laugh,in,your,face,These,Krabby,patties,also,give,a,hint,of,feet,sweat,Thank,y,,,,,,,,,,,,,,,,,,,,,,,,,,,,,,,,,,,,,,,,,,,,,,,,,,,,,,,,,,,,,,,,,,,,,,,,,,,,,,,,,,,,,,,,,,,,,,,,,,,,,,,,,,,,,,,,,,,,,,,,,,,,,,,,,,,,,,,,,,,,,,,,,,,,,,,,,,,,,,,,,,,,,,,,,,,,,,,,,,,,,,,,,,,,,,,,,,,,,,,,,,,,,,,,,,,,,,,,
Beyond Meat,"Beyond Meat Beyond Breakfast Sausage Plant-Based Breakfast Patties, Classic 7.4 oz",B084NF3NHR,5.49,4.6,Syn,31-May-21,1,The,flavor,is,pathetic,smell,horrible,and,the,quality,of,the,ingredients,are,very,bad,if,you,think,that,you,are,eating,healthy,with,this,you,are,wrong!!,Starting,for,the,huge,amount,of,refine,,,,,,,,,,,,,,,,,,,,,,,,,,,,,,,,,,,,,,,,,,,,,,,,,,,,,,,,,,,,,,,,,,,,,,,,,,,,,,,,,,,,,,,,,,,,,,,,,,,,,,,,,,,,,,,,,,,,,,,,,,,,,,,,,,,,,,,,,,,,,,,,,,,,,,,,,,,,,,,,,,,,,,,,,,,,,,,,,,,,,,,,,,,,,,,,,,,,,,,,,,,,,,,,,,,,,,,,,,,,,,,,,
Beyond Meat,"Beyond Meat Beyond Breakfast Sausage Plant-Based Breakfast Patties, Classic 7.4 oz",B084NF3NHR,5.49,4.6,Rachel,9-May-21,2,To,be,honest,I,cooked,them,on,a,two,sided,electric,griddle,that,I,use,for,sausage,My,husband,said,he,thought,they,were,like,hockey,,,,,,,,,,,,,,,,,,,,,,,,,,,,,,,,,,,,,,,,,,,,,,,,,,,,,,,,,,,,,,,,,,,,,,,,,,,,,,,,,,,,,,,,,,,,,,,,,,,,,,,,,,,,,,,,,,,,,,,,,,,,,,,,,,,,,,,,,,,,,,,,,,,,,,,,,,,,,,,,,,,,,,,,,,,,,,,,,,,,,,,,,,,,,,,,,,,,,,,,,,,,,,,,,,,,,,,,,,,,,,,,,,,,,,,,,,
Beyond Meat,"Beyond Meat Beyond Breakfast Sausage Plant-Based Breakfast Patties, Classic 7.4 oz",B084NF3NHR,5.49,4.6,El,5-May-21,2,I,might,have,just,gotten,a,bad,batch,of,these,sausages,but,for,my,these,had,a,weird,chemical,aftertaste,I,couldn't,get,past,When,I,had,first,bit,into,it,I,really,liked,how,the,patty,crisped,up,a,tiny,bit,and,the,texture,was,almost,exactly,like,a,real,sausage,A,lot,of,meat,substitutes,are,really,soft,but,this,one,had,bite,which,I,loved,I,just,could,not,get,past,the,chemical,taste,to,eat,anymore,I'm,really,sad,I,had,to,toss,,,,,,,,,,,,,,,,,,,,,,,,,,,,,,,,,,,,,,,,,,,,,,,,,,,,,,,,,,,,,,,,,,,,,,,,,,,,,,,,,,,,,,,,,,,,,,,,,,,,,,,,,,,,,,,,,,,,,,,,,,,,,,,,,,,,,,,,,,,,,,,,,,,,,,,,,,,,,,,,,,,,,,,,,,,,,
Beyond Meat,"Beyond Meat Beyond Breakfast Sausage Plant-Based Breakfast Patties, Classic 7.4 oz",B084NF3NHR,5.49,4.6,GCWP,26-Mar-21,1,Three,of,us,at,home,did,not,like,it,No,,,,,,,,,,,,,,,,,,,,,,,,,,,,,,,,,,,,,,,,,,,,,,,,,,,,,,,,,,,,,,,,,,,,,,,,,,,,,,,,,,,,,,,,,,,,,,,,,,,,,,,,,,,,,,,,,,,,,,,,,,,,,,,,,,,,,,,,,,,,,,,,,,,,,,,,,,,,,,,,,,,,,,,,,,,,,,,,,,,,,,,,,,,,,,,,,,,,,,,,,,,,,,,,,,,,,,,,,,,,,,,,,,,,,,,,,,,,,,,,,,,,,,,,,,
Beyond Meat,"Beyond Meat Beyond Breakfast Sausage Plant-Based Breakfast Patties, Classic 7.4 oz",B084NF3NHR,5.49,4.6,YJ. Smith,18-Mar-21,1,,,,,,,,,,,,,,,,,,,,,,,,,,,,,,,,,,,,,,,,,,,,,,,,,,,,,,,,,,,,,,,,,,,,,,,,,,,,,,,,,,,,,,,,,,,,,,,,,,,,,,,,,,,,,,,,,,,,,,,,,,,,,,,,,,,,,,,,,,,,,,,,,,,,,,,,,,,,,,,,,,,,,,,,,,,,,,,,,,,,,,,,,,,,,,,,,,,,,,,,,,,,,,,,,,,,,,,,,,,,,,,,,,,,,,,,,,,,,,,,,,,,,,,,,,,,,,,,,,,,
Beyond Meat,"Beyond Meat Beyond Breakfast Sausage Plant-Based Breakfast Patties, Classic 7.4 oz",B084NF3NHR,5.49,4.6,P.Q. Lanier,16-Mar-21,1,Bad,smell,bad,taste,Took,one,bite,At,least,my,trashcan,is,,,,,,,,,,,,,,,,,,,,,,,,,,,,,,,,,,,,,,,,,,,,,,,,,,,,,,,,,,,,,,,,,,,,,,,,,,,,,,,,,,,,,,,,,,,,,,,,,,,,,,,,,,,,,,,,,,,,,,,,,,,,,,,,,,,,,,,,,,,,,,,,,,,,,,,,,,,,,,,,,,,,,,,,,,,,,,,,,,,,,,,,,,,,,,,,,,,,,,,,,,,,,,,,,,,,,,,,,,,,,,,,,,,,,,,,,,,,,,,,,,,,,,,,
Beyond Meat,"Beyond Meat Beyond Breakfast Sausage Plant-Based Breakfast Patties, Classic 7.4 oz",B084NF3NHR,5.49,4.6,Amazon Customer,22-Feb-21,2,And,these,are,the,very,worst-tasting,veggie,sausages,of,al,,,,,,,,,,,,,,,,,,,,,,,,,,,,,,,,,,,,,,,,,,,,,,,,,,,,,,,,,,,,,,,,,,,,,,,,,,,,,,,,,,,,,,,,,,,,,,,,,,,,,,,,,,,,,,,,,,,,,,,,,,,,,,,,,,,,,,,,,,,,,,,,,,,,,,,,,,,,,,,,,,,,,,,,,,,,,,,,,,,,,,,,,,,,,,,,,,,,,,,,,,,,,,,,,,,,,,,,,,,,,,,,,,,,,,,,,,,,,,,,,,,,,,,,,,
Beyond Meat,"Beyond Meat Beyond Breakfast Sausage Plant-Based Breakfast Patties, Classic 7.4 oz",B084NF3NHR,5.49,4.6,Honesty Joy,11-Jan-21,1,Been,a,vegetarian,eating,mock,meat,products,for,a,long,time,and,this,product,is,not,being,stored,properly,At,your,whole,foods,store,my,last,two,purchases,tasted,freezer,burned,looks,like,the,product,was,thawed,and,refrozen,severa,,,,,,,,,,,,,,,,,,,,,,,,,,,,,,,,,,,,,,,,,,,,,,,,,,,,,,,,,,,,,,,,,,,,,,,,,,,,,,,,,,,,,,,,,,,,,,,,,,,,,,,,,,,,,,,,,,,,,,,,,,,,,,,,,,,,,,,,,,,,,,,,,,,,,,,,,,,,,,,,,,,,,,,,,,,,,,,,,,,,,,,,,,,,,,,,,,,,,,,,,,,,,,,,,,,,,,,,,,,,
Beyond Meat,"Beyond Meat Beyond Breakfast Sausage Plant-Based Breakfast Patties, Classic 7.4 oz",B084NF3NHR,5.49,4.6,carol dyer,9-Dec-20,2,Has,the,flavor,of,a,breakfast,sausage,but,itâ€™s,way,too,,,,,,,,,,,,,,,,,,,,,,,,,,,,,,,,,,,,,,,,,,,,,,,,,,,,,,,,,,,,,,,,,,,,,,,,,,,,,,,,,,,,,,,,,,,,,,,,,,,,,,,,,,,,,,,,,,,,,,,,,,,,,,,,,,,,,,,,,,,,,,,,,,,,,,,,,,,,,,,,,,,,,,,,,,,,,,,,,,,,,,,,,,,,,,,,,,,,,,,,,,,,,,,,,,,,,,,,,,,,,,,,,,,,,,,,,,,,,,,,,,,,,,,,,
Beyond Meat,"Beyond Meat Beyond Breakfast Sausage Plant-Based Breakfast Patties, Classic 7.4 oz",B084NF3NHR,5.49,4.6,starchild,6-Dec-20,1,If,youâ€™re,looking,for,a,substitute,for,pork,sausage,this,is,not,it,The,flavor,is,terrible,Iâ€™ve,tried,other,vegan,sausage,substitutes,and,this,is,my,least,favorit,,,,,,,,,,,,,,,,,,,,,,,,,,,,,,,,,,,,,,,,,,,,,,,,,,,,,,,,,,,,,,,,,,,,,,,,,,,,,,,,,,,,,,,,,,,,,,,,,,,,,,,,,,,,,,,,,,,,,,,,,,,,,,,,,,,,,,,,,,,,,,,,,,,,,,,,,,,,,,,,,,,,,,,,,,,,,,,,,,,,,,,,,,,,,,,,,,,,,,,,,,,,,,,,,,,,,,,,,,,,,,,,,,,,,,,
Beyond Meat,"Beyond Meat Beyond Breakfast Sausage Plant-Based Breakfast Patties, Classic 7.4 oz",B084NF3NHR,5.49,4.6,Amazon Customer,6-Dec-20,1,These,sausages,were,absolutely,awful,literally,from,start,to,finish,When,I,opened,the,box,the,sausages,were,not,packaged,in,a,plastic,container,instead,they,just,rattled,around,loose,in,the,box,where,even,after,only,two,weeks,in,the,freezer,they,seemed,to,have,acquired,some,burn,The,company,clearly,could,care,less,about,that!!,Things,got,worse,however,much,worse,when,we,actaully,ate,these,sausages,The,flavor,was,absolutely,awful,and,the,aftertaste,was,even,worse,With,a,nuimber,of,excellent,alternatives,I,cannot,imagine,how,this,product,receives,any,positive,ratings,and,furthermore,is,still,on,the,market,I,would,give,it,negative,five,stars,if,po,,,,,,,,,,,,,,,,,,,,,,,,,,,,,,,,,,,,,,,,,,,,,,,,,,,,,,,,,,,,,,,,,,,,,,,,,,,,,,,,,,,,,,,,,,,,,,,,,,,,,,,,,,,,,,,,,,,,,,,,,,,,,,,,,,,,,,,,,,,,,,,,,,,,
Beyond Meat,"Beyond Meat Beyond Breakfast Sausage Plant-Based Breakfast Patties, Classic 7.4 oz",B084NF3NHR,5.49,4.6,Matthew,22-Nov-20,2,Maybe,I,haven't,had,a,good,real,sausage,in,too,long,but,this,tasted,a,little,too,much,like,offal,,,,,,,,,,,,,,,,,,,,,,,,,,,,,,,,,,,,,,,,,,,,,,,,,,,,,,,,,,,,,,,,,,,,,,,,,,,,,,,,,,,,,,,,,,,,,,,,,,,,,,,,,,,,,,,,,,,,,,,,,,,,,,,,,,,,,,,,,,,,,,,,,,,,,,,,,,,,,,,,,,,,,,,,,,,,,,,,,,,,,,,,,,,,,,,,,,,,,,,,,,,,,,,,,,,,,,,,,,,,,,,,,,,,,,,,,,,,,,,,
Beyond Meat,"Beyond Meat Beyond Breakfast Sausage Plant-Based Breakfast Patties, Classic 7.4 oz",B084NF3NHR,5.49,4.6,IwantitAll,28-Oct-20,2,Taste,no,,,,,,,,,,,,,,,,,,,,,,,,,,,,,,,,,,,,,,,,,,,,,,,,,,,,,,,,,,,,,,,,,,,,,,,,,,,,,,,,,,,,,,,,,,,,,,,,,,,,,,,,,,,,,,,,,,,,,,,,,,,,,,,,,,,,,,,,,,,,,,,,,,,,,,,,,,,,,,,,,,,,,,,,,,,,,,,,,,,,,,,,,,,,,,,,,,,,,,,,,,,,,,,,,,,,,,,,,,,,,,,,,,,,,,,,,,,,,,,,,,,,,,,,,,,,,,,,,,
Beyond Meat,"Beyond Meat Beyond Breakfast Sausage Plant-Based Breakfast Patties, Classic 7.4 oz",B084NF3NHR,5.49,4.6,Danielle D,19-Oct-20,1,These,are,just,disgusting,The,worst,things,I've,ever,tasted,One,bite,and,I,threw,them,out,I'll,stick,to,Sweet,Earth,--,Green,chile,and,,,,,,,,,,,,,,,,,,,,,,,,,,,,,,,,,,,,,,,,,,,,,,,,,,,,,,,,,,,,,,,,,,,,,,,,,,,,,,,,,,,,,,,,,,,,,,,,,,,,,,,,,,,,,,,,,,,,,,,,,,,,,,,,,,,,,,,,,,,,,,,,,,,,,,,,,,,,,,,,,,,,,,,,,,,,,,,,,,,,,,,,,,,,,,,,,,,,,,,,,,,,,,,,,,,,,,,,,,,,,,,,,,,,,,,,,,
Beyond Meat,"Beyond Meat Beyond Breakfast Sausage Plant-Based Breakfast Patties, Classic 7.4 oz",B084NF3NHR,5.49,4.6,Wolfgang Rumpf,12-Aug-20,2,Texture,like,wet,sawdust,taste,like,salted,wet,sawdust,Yuck,I,love,boca,burgers,and,other,meat,substitutes,just,not,th,,,,,,,,,,,,,,,,,,,,,,,,,,,,,,,,,,,,,,,,,,,,,,,,,,,,,,,,,,,,,,,,,,,,,,,,,,,,,,,,,,,,,,,,,,,,,,,,,,,,,,,,,,,,,,,,,,,,,,,,,,,,,,,,,,,,,,,,,,,,,,,,,,,,,,,,,,,,,,,,,,,,,,,,,,,,,,,,,,,,,,,,,,,,,,,,,,,,,,,,,,,,,,,,,,,,,,,,,,,,,,,,,,,,,,,,,,,,,,,
Beyond Meat,"Beyond Meat Beyond Breakfast Sausage Plant-Based Breakfast Patties, Classic 7.4 oz",B084NF3NHR,5.49,4.6,Julio,2-Aug-20,1,I'm,a,long-term,vegetarian,(14+,years),and,enjoy,a,variety,of,meat,substitute,products,I,particularly,like,Morningstar,breakfast,sausage,I,expected,to,like,Beyond,Meat,but,YUCK,it's,disgusting,I,get,the,impression,that,to,make,it,more,real,they,made,them,greasy,It,was,really,revolting,Zero,,,,,,,,,,,,,,,,,,,,,,,,,,,,,,,,,,,,,,,,,,,,,,,,,,,,,,,,,,,,,,,,,,,,,,,,,,,,,,,,,,,,,,,,,,,,,,,,,,,,,,,,,,,,,,,,,,,,,,,,,,,,,,,,,,,,,,,,,,,,,,,,,,,,,,,,,,,,,,,,,,,,,,,,,,,,,,,,,,,,,,,,,,,,,,,,,,,,,,,,,,,,,,,,,,,
Beyond Meat,"Beyond Meat Beyond Breakfast Sausage Plant-Based Breakfast Patties, Classic 7.4 oz",B084NF3NHR,5.49,4.6,Daniel Pacheco,28-Jul-20,1,I,normally,love,all,of,beyond,plant,base,products,but,this,one,didnâ€™t,work,for,me,There,is,a,strange,after,taste,I,just,canâ€™t,put,my,finger,on,Thickness,is,great,and,the,way,it,cooks,up,in,the,oven,is,awesome,I,was,very,disappointed,with,the,after,,,,,,,,,,,,,,,,,,,,,,,,,,,,,,,,,,,,,,,,,,,,,,,,,,,,,,,,,,,,,,,,,,,,,,,,,,,,,,,,,,,,,,,,,,,,,,,,,,,,,,,,,,,,,,,,,,,,,,,,,,,,,,,,,,,,,,,,,,,,,,,,,,,,,,,,,,,,,,,,,,,,,,,,,,,,,,,,,,,,,,,,,,,,,,,,,,,,,,,,,,,,,,,,,,
Beyond Meat,"Beyond Meat Beyond Breakfast Sausage Plant-Based Breakfast Patties, Classic 7.4 oz",B084NF3NHR,5.49,4.6,Nightjasmine,21-May-20,1,Everything,was,great,until,I,experienced,nausea,and,diarrhea,an,hour,after,ingesting,the,patties,every,time,Hard,pass,for,getting,sick,on,,,,,,,,,,,,,,,,,,,,,,,,,,,,,,,,,,,,,,,,,,,,,,,,,,,,,,,,,,,,,,,,,,,,,,,,,,,,,,,,,,,,,,,,,,,,,,,,,,,,,,,,,,,,,,,,,,,,,,,,,,,,,,,,,,,,,,,,,,,,,,,,,,,,,,,,,,,,,,,,,,,,,,,,,,,,,,,,,,,,,,,,,,,,,,,,,,,,,,,,,,,,,,,,,,,,,,,,,,,,,,,,,,,,,,,,,,,,,
Tofurky,Tofurky Deli Slices Oven Roasted,,3.39,4.6,Weena Y. Rivera,31-May-21,2,Way,to,salty,for,me,!,Texture,is,ok,but,I,would,rather,just,not,eat,cold,cuts,I,donâ€™t,miss,them,,,,,,,,,,,,,,,,,,,,,,,,,,,,,,,,,,,,,,,,,,,,,,,,,,,,,,,,,,,,,,,,,,,,,,,,,,,,,,,,,,,,,,,,,,,,,,,,,,,,,,,,,,,,,,,,,,,,,,,,,,,,,,,,,,,,,,,,,,,,,,,,,,,,,,,,,,,,,,,,,,,,,,,,,,,,,,,,,,,,,,,,,,,,,,,,,,,,,,,,,,,,,,,,,,,,,,,,,,,,,,,,,,,,,,,,,,,,,,
Tofurky,Tofurky Deli Slices Oven Roasted,,3.39,4.6,Michael Lvovsky,28-Feb-21,1,I,could,only,taste,the,other,things,in,my,sandwich,No,turkey,flavor,sooo,disappointing,So,I,went,back,and,tried,tasting,it,alone,and,it,was,very,simply,bad,No,turkey,flavor,whatsoever,What,a,,,,,,,,,,,,,,,,,,,,,,,,,,,,,,,,,,,,,,,,,,,,,,,,,,,,,,,,,,,,,,,,,,,,,,,,,,,,,,,,,,,,,,,,,,,,,,,,,,,,,,,,,,,,,,,,,,,,,,,,,,,,,,,,,,,,,,,,,,,,,,,,,,,,,,,,,,,,,,,,,,,,,,,,,,,,,,,,,,,,,,,,,,,,,,,,,,,,,,,,,,,,,,,,,,,,,,,,,,,,,,,,
Tofurky,Tofurky Deli Slices Oven Roasted,,3.39,4.6,Violetwrites Leftow,1-Jan-21,1,These,are,not,good,if,you're,vegan,just,eat,a,veggie,sandwhich,These,are,terrible,they,smell,,,,,,,,,,,,,,,,,,,,,,,,,,,,,,,,,,,,,,,,,,,,,,,,,,,,,,,,,,,,,,,,,,,,,,,,,,,,,,,,,,,,,,,,,,,,,,,,,,,,,,,,,,,,,,,,,,,,,,,,,,,,,,,,,,,,,,,,,,,,,,,,,,,,,,,,,,,,,,,,,,,,,,,,,,,,,,,,,,,,,,,,,,,,,,,,,,,,,,,,,,,,,,,,,,,,,,,,,,,,,,,,,,,,,,,,,,,,,,,,,,,
Tofurky,Tofurky Deli Slices Oven Roasted,,3.39,4.6,Amazon Customer,3-Jul-20,2,I,found,these,to,be,rather,bland,They,were,subbed,in,for,another,brand,due,to,a,delivery,on-line,purchase,Not,horrible,but,nothing,noteworthy,,,,,,,,,,,,,,,,,,,,,,,,,,,,,,,,,,,,,,,,,,,,,,,,,,,,,,,,,,,,,,,,,,,,,,,,,,,,,,,,,,,,,,,,,,,,,,,,,,,,,,,,,,,,,,,,,,,,,,,,,,,,,,,,,,,,,,,,,,,,,,,,,,,,,,,,,,,,,,,,,,,,,,,,,,,,,,,,,,,,,,,,,,,,,,,,,,,,,,,,,,,,,,,,,,,,,,,,,,,,,,,,,,,,,,,,,,,
Quorn,"Quorn, Meat-Free Meatballs, 10.6 oz (Frozen)",B000WM2WXE,4.99,4.4,Shirell,13-Dec-20,2,It,tastes,a,little,wired,and,the,texture,does,feel,like,good,meat,It,is,pretty,easy,to,cook,But,probably,will,not,try,it,,,,,,,,,,,,,,,,,,,,,,,,,,,,,,,,,,,,,,,,,,,,,,,,,,,,,,,,,,,,,,,,,,,,,,,,,,,,,,,,,,,,,,,,,,,,,,,,,,,,,,,,,,,,,,,,,,,,,,,,,,,,,,,,,,,,,,,,,,,,,,,,,,,,,,,,,,,,,,,,,,,,,,,,,,,,,,,,,,,,,,,,,,,,,,,,,,,,,,,,,,,,,,,,,,,,,,,,,,,,,,,,,,,,,,,,,,,
Quorn,"Quorn, Meat-Free Meatballs, 10.6 oz (Frozen)",B000WM2WXE,4.99,4.4,Wei Yuan,28-Sep-20,1,Not,very,good,,,,,,,,,,,,,,,,,,,,,,,,,,,,,,,,,,,,,,,,,,,,,,,,,,,,,,,,,,,,,,,,,,,,,,,,,,,,,,,,,,,,,,,,,,,,,,,,,,,,,,,,,,,,,,,,,,,,,,,,,,,,,,,,,,,,,,,,,,,,,,,,,,,,,,,,,,,,,,,,,,,,,,,,,,,,,,,,,,,,,,,,,,,,,,,,,,,,,,,,,,,,,,,,,,,,,,,,,,,,,,,,,,,,,,,,,,,,,,,,,,,,,,,,,,,,,,,,,
Quorn,"Quorn, Meat-Free Meatballs, 10.6 oz (Frozen)",B000WM2WXE,4.99,4.4,alexis,22-Sep-20,1,Did,not,like,these,the,flavor,just,wasnâ€™t,,,,,,,,,,,,,,,,,,,,,,,,,,,,,,,,,,,,,,,,,,,,,,,,,,,,,,,,,,,,,,,,,,,,,,,,,,,,,,,,,,,,,,,,,,,,,,,,,,,,,,,,,,,,,,,,,,,,,,,,,,,,,,,,,,,,,,,,,,,,,,,,,,,,,,,,,,,,,,,,,,,,,,,,,,,,,,,,,,,,,,,,,,,,,,,,,,,,,,,,,,,,,,,,,,,,,,,,,,,,,,,,,,,,,,,,,,,,,,,,,,,,,,,,,,,,
Quorn,"Quorn Foods Meatless Nuggets, Vegetarian, Frozen, 10.6 Oz",B000REIDY4,4.99,4.6,Amazon Customer,4-Mar-21,1,vegetarian,indeed,!,since,when,do,eggs,grow,on,t,,,,,,,,,,,,,,,,,,,,,,,,,,,,,,,,,,,,,,,,,,,,,,,,,,,,,,,,,,,,,,,,,,,,,,,,,,,,,,,,,,,,,,,,,,,,,,,,,,,,,,,,,,,,,,,,,,,,,,,,,,,,,,,,,,,,,,,,,,,,,,,,,,,,,,,,,,,,,,,,,,,,,,,,,,,,,,,,,,,,,,,,,,,,,,,,,,,,,,,,,,,,,,,,,,,,,,,,,,,,,,,,,,,,,,,,,,,,,,,,,,,,,,,,,,
Quorn,"Quorn Foods Meatless Nuggets, Vegetarian, Frozen, 10.6 Oz",B000REIDY4,4.99,4.6,Wei Yuan,3-Oct-20,1,bought,these,thinking,they,were,vegan,and,they're,not,they,have,,,,,,,,,,,,,,,,,,,,,,,,,,,,,,,,,,,,,,,,,,,,,,,,,,,,,,,,,,,,,,,,,,,,,,,,,,,,,,,,,,,,,,,,,,,,,,,,,,,,,,,,,,,,,,,,,,,,,,,,,,,,,,,,,,,,,,,,,,,,,,,,,,,,,,,,,,,,,,,,,,,,,,,,,,,,,,,,,,,,,,,,,,,,,,,,,,,,,,,,,,,,,,,,,,,,,,,,,,,,,,,,,,,,,,,,,,,,,,,,,,,,,,,,,
Quorn,"Quorn Foods Meatless Nuggets, Vegetarian, Frozen, 10.6 Oz",B000REIDY4,4.99,4.6,Donald E. Meissner,21-Sep-20,1,This,is,the,most,discussing,flavor,of,the,chicken,nuggets,Iâ€™ve,ev,,,,,,,,,,,,,,,,,,,,,,,,,,,,,,,,,,,,,,,,,,,,,,,,,,,,,,,,,,,,,,,,,,,,,,,,,,,,,,,,,,,,,,,,,,,,,,,,,,,,,,,,,,,,,,,,,,,,,,,,,,,,,,,,,,,,,,,,,,,,,,,,,,,,,,,,,,,,,,,,,,,,,,,,,,,,,,,,,,,,,,,,,,,,,,,,,,,,,,,,,,,,,,,,,,,,,,,,,,,,,,,,,,,,,,,,,,,,,,,,,,,,,,,,
Quorn,"Quorn Foods Meatless Nuggets, Vegetarian, Frozen, 10.6 Oz",B000REIDY4,4.99,4.6,Ronda Roberts,18-Sep-20,1,gave,m,,,,,,,,,,,,,,,,,,,,,,,,,,,,,,,,,,,,,,,,,,,,,,,,,,,,,,,,,,,,,,,,,,,,,,,,,,,,,,,,,,,,,,,,,,,,,,,,,,,,,,,,,,,,,,,,,,,,,,,,,,,,,,,,,,,,,,,,,,,,,,,,,,,,,,,,,,,,,,,,,,,,,,,,,,,,,,,,,,,,,,,,,,,,,,,,,,,,,,,,,,,,,,,,,,,,,,,,,,,,,,,,,,,,,,,,,,,,,,,,,,,,,,,,,,,,,,,,,,
Quorn,"Quorn Foods Meatless Nuggets, Vegetarian, Frozen, 10.6 Oz",B000REIDY4,4.99,4.6,Claire B.,14-Jul-20,1,I,used,to,buy,these,all,the,time,never,had,a,problem,until,I,purchased,a,couple,months,back,I,went,to,take,a,bite,and,had,to,immediately,spit,it,out,because,it,had,a,very,strong,chemical/cleaner,taste,I,trashed,the,rest,of,the,box,The,only,thing,I,could,think,of,is,maybe,they,were,stored,improperly,before,purchase,and,defrosted,causing,them,to,go,bad?,I've,been,nervous,to,buy,them,since,because,I,can't,forget,that,awful,chemical,taste,Usually,I,love,Quorn,products,there,was,definitely,something,wrong,with,th,,,,,,,,,,,,,,,,,,,,,,,,,,,,,,,,,,,,,,,,,,,,,,,,,,,,,,,,,,,,,,,,,,,,,,,,,,,,,,,,,,,,,,,,,,,,,,,,,,,,,,,,,,,,,,,,,,,,,,,,,,,,,,,,,,,,,,,,,,,,,,,,,,,,,,,,,,,,,,,,,,,,
Quorn,"Quorn Foods Meatless Nuggets, Vegetarian, Frozen, 10.6 Oz",B000REIDY4,4.99,4.6,Anon,5-Jul-19,1,noo,,,,,,,,,,,,,,,,,,,,,,,,,,,,,,,,,,,,,,,,,,,,,,,,,,,,,,,,,,,,,,,,,,,,,,,,,,,,,,,,,,,,,,,,,,,,,,,,,,,,,,,,,,,,,,,,,,,,,,,,,,,,,,,,,,,,,,,,,,,,,,,,,,,,,,,,,,,,,,,,,,,,,,,,,,,,,,,,,,,,,,,,,,,,,,,,,,,,,,,,,,,,,,,,,,,,,,,,,,,,,,,,,,,,,,,,,,,,,,,,,,,,,,,,,,,,,,,,,,,
Quorn,"Quorn Foods Meatless Nuggets, Vegetarian, Frozen, 10.6 Oz",B000REIDY4,4.99,4.6,Rez,25-Apr-19,1,These,were,absolutely,flavorless,They,weren't,good,or,bad,they,were,just,like,eating,some,kind,of,flavorless,material,Like,this,is,the,kind,of,thing,they,serve,you,in,the,future,in,a,colony,on,Mars,because,it,has,all,the,nutrients,you,need,but,additional,flavoring,would,rot,the,food,so,they,don't,do,it,The,texture,wasn't,bad,but,there,was,just,absolutely,no,flavor,to,these,at,all,There's,was,a,small,hint,of,it,on,the,breading,but,basically,it's,nothing,Every,vegetable,chicken,nugget,I've,ever,had,is,better,than,th,,,,,,,,,,,,,,,,,,,,,,,,,,,,,,,,,,,,,,,,,,,,,,,,,,,,,,,,,,,,,,,,,,,,,,,,,,,,,,,,,,,,,,,,,,,,,,,,,,,,,,,,,,,,,,,,,,,,,,,,,,,,,,,,,,,,,,,,,,,,,,,,,,,,,,,,,,,,,,,,,,,
Quorn,"Quorn Foods Meatless Nuggets, Vegetarian, Frozen, 10.6 Oz",B000REIDY4,4.99,4.6,Brandon D,16-Mar-19,1,STAY,away,from,Quorn,products,ZERO,stars!,I,had,to,rush,my,child,to,ER,because,the,chicken,patty,caused,an,anaphylactic,reaction,Research,the,ingredient,mycroprotein,in,Quorn,products!,I,called,their,headquarters,to,make,them,aware,of,another,case,of,a,severely,adverse,reaction--no,return,call,For,your/your,family's,sake,do,NOT,consume,Quorn,products!!!,0,s,,,,,,,,,,,,,,,,,,,,,,,,,,,,,,,,,,,,,,,,,,,,,,,,,,,,,,,,,,,,,,,,,,,,,,,,,,,,,,,,,,,,,,,,,,,,,,,,,,,,,,,,,,,,,,,,,,,,,,,,,,,,,,,,,,,,,,,,,,,,,,,,,,,,,,,,,,,,,,,,,,,,,,,,,,,,,,,,,,,,,,,,,,,,,,,,,,,,,,,,,
Quorn,"Quorn Foods Meatless Nuggets, Vegetarian, Frozen, 10.6 Oz",B000REIDY4,4.99,4.6,Amazon Customer,28-Mar-18,1,They,were,ok,I,only,had,one,and,my,daughter,only,had,half,of,one,She,ended,up,throwing,up,overnight,Maybe,it,was,the,Myprotien,they,warned,about,people,having,an,allergy,to,it,Will,not,be,purchasing,,,,,,,,,,,,,,,,,,,,,,,,,,,,,,,,,,,,,,,,,,,,,,,,,,,,,,,,,,,,,,,,,,,,,,,,,,,,,,,,,,,,,,,,,,,,,,,,,,,,,,,,,,,,,,,,,,,,,,,,,,,,,,,,,,,,,,,,,,,,,,,,,,,,,,,,,,,,,,,,,,,,,,,,,,,,,,,,,,,,,,,,,,,,,,,,,,,,,,,,,,,,,,,,,,,,,,,,,,,,,
Quorn,"Quorn Foods Meatless Grounds, Vegetarian, Frozen, 12 Oz",B000WLZHQ4,4.99,4.5,kkm,30-Sep-20,1,Made,me,so,sick!,I,100%,agree,with,the,other,reviewers,stating,that,they,also,experienced,really,bad,reactions,Itâ€™s,not,worth,the,gamble,of,if,youâ€™re,going,to,be,able,to,tolerant,this,product,or,not,trust,me,Kind,of,crazy,that,itâ€™s,even,sold,on,the,market,you,can,further,research,the,side,effects,on,google,if,you,need,more,conv,,,,,,,,,,,,,,,,,,,,,,,,,,,,,,,,,,,,,,,,,,,,,,,,,,,,,,,,,,,,,,,,,,,,,,,,,,,,,,,,,,,,,,,,,,,,,,,,,,,,,,,,,,,,,,,,,,,,,,,,,,,,,,,,,,,,,,,,,,,,,,,,,,,,,,,,,,,,,,,,,,,,,,,,,,,,,,,,,,,,,,,,,,,,,,,,,,,,,
Quorn,"Quorn Foods Meatless Grounds, Vegetarian, Frozen, 12 Oz",B000WLZHQ4,4.99,4.5,Sheila m.,27-Jun-20,1,I,have,since,discovered,that,several percent,or,up to 5%,(according,to,your,source),of,people,will,be,sensitive,to,this,product,due,to,the,fact,that,it,is,derived,from,a,source,that,humans,have,not,normally,digested,That,source,is,the,soil,mold,Fusarium,venenatum,It,is,very,unlikely,for,you,to,know,that,you,have,sensitivity,to,this,novel,protein,since,this,is,the,only,product,that,uses,it,If,you,are,sensitive,to,it,then,you,will,find,that,it,causes,digestive,problems,In,my,case,I,was,kept,awake,all,night,with,diarrhea,(I,would,call,it,a,full rinse),The,next,day,at,hour,19,I,got,a,debilitating,migraine,that,did,not,go,away,until,sleep,8,hours,later,Visiting,a,doctor,was,considered,but,ruled,out,after,finding,that,many,people,had,experienced,similar,symptoms,and,most,did,not,have,further,complications,If,you,are,not,sensitive,to,it,then,at,best,you,are,getting,a,terribly,bland,meat,imitation,product,Upon,initial,seasoning,I,found,that,it,had,the,taste,and,texture,of,shredded,cardboard,As,a,12-year,vegetarian,this,was,easily,remedied,and,I,made,it,delicious,It,pales,in,comparison,to,modern,brands,like,Beyond,Meat,or,Impossible,yet,is,still,miles,behind,something,mediocre,like,Boca,Bottom,line:,humans,have,consumed,peas,soy,and,wheat,for,thousands,of,years,If,you,want,to,take,a,chance,with,this,stuff,be,aware,of,the,potential,side,effects,They,are,well,documented,if,you,put,it,in,Google,I,wish,that,I,had
Quorn,"Quorn Foods Meatless Grounds, Vegetarian, Frozen, 12 Oz",B000WLZHQ4,4.99,4.5,Lynne,22-Jun-20,2,My,wife,got,super,sick,google,the,actual,ingredients,-,a,number,of,people,have,allergic,reactions,t,,,,,,,,,,,,,,,,,,,,,,,,,,,,,,,,,,,,,,,,,,,,,,,,,,,,,,,,,,,,,,,,,,,,,,,,,,,,,,,,,,,,,,,,,,,,,,,,,,,,,,,,,,,,,,,,,,,,,,,,,,,,,,,,,,,,,,,,,,,,,,,,,,,,,,,,,,,,,,,,,,,,,,,,,,,,,,,,,,,,,,,,,,,,,,,,,,,,,,,,,,,,,,,,,,,,,,,,,,,,,,,,,,,,,,,,,,,,,,,,,,
Quorn,"Quorn Foods Meatless Grounds, Vegetarian, Frozen, 12 Oz",B000WLZHQ4,4.99,4.5,Pri,28-Sep-19,2,Not,so,great,I,cooked,this,and,it,seemed,to,dissolve,and,the,flavor,was,very,bland,Two,stars,for,,,,,,,,,,,,,,,,,,,,,,,,,,,,,,,,,,,,,,,,,,,,,,,,,,,,,,,,,,,,,,,,,,,,,,,,,,,,,,,,,,,,,,,,,,,,,,,,,,,,,,,,,,,,,,,,,,,,,,,,,,,,,,,,,,,,,,,,,,,,,,,,,,,,,,,,,,,,,,,,,,,,,,,,,,,,,,,,,,,,,,,,,,,,,,,,,,,,,,,,,,,,,,,,,,,,,,,,,,,,,,,,,,,,,,,,,,,,,,,,
Quorn,"Quorn Foods Meatless Grounds, Vegetarian, Frozen, 12 Oz",B000WLZHQ4,4.99,4.5,Courtney Star Winters,10-Sep-18,2,The,Quorn,meats,are,delicious,But,they,give,me,horrible,stomach,cr,,,,,,,,,,,,,,,,,,,,,,,,,,,,,,,,,,,,,,,,,,,,,,,,,,,,,,,,,,,,,,,,,,,,,,,,,,,,,,,,,,,,,,,,,,,,,,,,,,,,,,,,,,,,,,,,,,,,,,,,,,,,,,,,,,,,,,,,,,,,,,,,,,,,,,,,,,,,,,,,,,,,,,,,,,,,,,,,,,,,,,,,,,,,,,,,,,,,,,,,,,,,,,,,,,,,,,,,,,,,,,,,,,,,,,,,,,,,,,,,,,,,,,,,
Boca,Boca Original Vegan Spicy Non-GMO Soy Chik'n Veggie Patties (4 Count),B000WLXM02,4.49,4.6,Majestic Alien Unicorn,4-Dec-20,1,These,things,taste,like,vinegar,,,,,,,,,,,,,,,,,,,,,,,,,,,,,,,,,,,,,,,,,,,,,,,,,,,,,,,,,,,,,,,,,,,,,,,,,,,,,,,,,,,,,,,,,,,,,,,,,,,,,,,,,,,,,,,,,,,,,,,,,,,,,,,,,,,,,,,,,,,,,,,,,,,,,,,,,,,,,,,,,,,,,,,,,,,,,,,,,,,,,,,,,,,,,,,,,,,,,,,,,,,,,,,,,,,,,,,,,,,,,,,,,,,,,,,,,,,,,,,,,,,,,,,,,,,,,,,
Boca,Boca Original Vegan Non-GMO Soy Chik'n Veggie Nuggets (10 oz Pouch),B000O6K852,,4.5,dave,19-Oct-20,2,Put,them,in,the,air,fryer,and,honestly,they,are,disgusting,I'm,literally,throwing,th,,,,,,,,,,,,,,,,,,,,,,,,,,,,,,,,,,,,,,,,,,,,,,,,,,,,,,,,,,,,,,,,,,,,,,,,,,,,,,,,,,,,,,,,,,,,,,,,,,,,,,,,,,,,,,,,,,,,,,,,,,,,,,,,,,,,,,,,,,,,,,,,,,,,,,,,,,,,,,,,,,,,,,,,,,,,,,,,,,,,,,,,,,,,,,,,,,,,,,,,,,,,,,,,,,,,,,,,,,,,,,,,,,,,,,,,,,,,,,,,,,,,,
Boca,Boca Original Vegan Non-GMO Soy Chik'n Veggie Nuggets (10 oz Pouch),B000O6K852,,4.5,Blues Hammer,10-Jul-20,2,Not,a,big,fan,of,these,They,breading,doesn't,get,very,crispy,and,they,were,very,rubbery,The,breading,was,very,similar,to,morning,star,chicken,nuggets,so,if,you,like,those,maybe,you'll,be,okay,with,these,The,taste,was,just,okay,not,good,but,not,te,,,,,,,,,,,,,,,,,,,,,,,,,,,,,,,,,,,,,,,,,,,,,,,,,,,,,,,,,,,,,,,,,,,,,,,,,,,,,,,,,,,,,,,,,,,,,,,,,,,,,,,,,,,,,,,,,,,,,,,,,,,,,,,,,,,,,,,,,,,,,,,,,,,,,,,,,,,,,,,,,,,,,,,,,,,,,,,,,,,,,,,,,,,,,,,,,,,,,,,,,,,,,,,,,,,,
Boca,Boca Original Vegan Non-GMO Soy Chik'n Veggie Nuggets (10 oz Pouch),B000O6K852,,4.5,Mckay,28-Aug-18,1,taste,like,,,,,,,,,,,,,,,,,,,,,,,,,,,,,,,,,,,,,,,,,,,,,,,,,,,,,,,,,,,,,,,,,,,,,,,,,,,,,,,,,,,,,,,,,,,,,,,,,,,,,,,,,,,,,,,,,,,,,,,,,,,,,,,,,,,,,,,,,,,,,,,,,,,,,,,,,,,,,,,,,,,,,,,,,,,,,,,,,,,,,,,,,,,,,,,,,,,,,,,,,,,,,,,,,,,,,,,,,,,,,,,,,,,,,,,,,,,,,,,,,,,,,,,,,,,,,,,,,,
Boca,Boca Original Vegan Non-GMO Soy Chik'n Veggie Nuggets (10 oz Pouch),B000O6K852,,4.5,Love to Shop,28-Jul-18,2,OK,but,the,LiteLife,is,MUCH,BETTER,Fresh,needs,to,carry,th,,,,,,,,,,,,,,,,,,,,,,,,,,,,,,,,,,,,,,,,,,,,,,,,,,,,,,,,,,,,,,,,,,,,,,,,,,,,,,,,,,,,,,,,,,,,,,,,,,,,,,,,,,,,,,,,,,,,,,,,,,,,,,,,,,,,,,,,,,,,,,,,,,,,,,,,,,,,,,,,,,,,,,,,,,,,,,,,,,,,,,,,,,,,,,,,,,,,,,,,,,,,,,,,,,,,,,,,,,,,,,,,,,,,,,,,,,,,,,,,,,,,,,,,
Gardein,"Gardein Gluten-Free Ultimate Plant-Based Beefless Ground Crumbles, Vegan, Frozen, 13.7 oz.",,4.79,4.7,JoAnn G.,27-Apr-21,1,Not,real,food!,You,are,better,off,not,eating,if,this,is,your,only,option,Toxic,ingredients,and,gross,taste,Eat,real,beef,or,beans,instead,Not,pseud,,,,,,,,,,,,,,,,,,,,,,,,,,,,,,,,,,,,,,,,,,,,,,,,,,,,,,,,,,,,,,,,,,,,,,,,,,,,,,,,,,,,,,,,,,,,,,,,,,,,,,,,,,,,,,,,,,,,,,,,,,,,,,,,,,,,,,,,,,,,,,,,,,,,,,,,,,,,,,,,,,,,,,,,,,,,,,,,,,,,,,,,,,,,,,,,,,,,,,,,,,,,,,,,,,,,,,,,,,,,,,,,,,,,,,,,
Gardein,"Gardein Gluten-Free Ultimate Plant-Based Beefless Ground Crumbles, Vegan, Frozen, 13.7 oz.",,4.79,4.7,Sharnnell,30-Jan-21,1,Made,me,terribly,sick,Will,not,purchase,,,,,,,,,,,,,,,,,,,,,,,,,,,,,,,,,,,,,,,,,,,,,,,,,,,,,,,,,,,,,,,,,,,,,,,,,,,,,,,,,,,,,,,,,,,,,,,,,,,,,,,,,,,,,,,,,,,,,,,,,,,,,,,,,,,,,,,,,,,,,,,,,,,,,,,,,,,,,,,,,,,,,,,,,,,,,,,,,,,,,,,,,,,,,,,,,,,,,,,,,,,,,,,,,,,,,,,,,,,,,,,,,,,,,,,,,,,,,,,,,,,,,,,,,,,,,
Gardein,"Gardein Gluten-Free Ultimate Plant-Based Beefless Ground Crumbles, Vegan, Frozen, 13.7 oz.",,4.79,4.7,peaceful shopper,19-Oct-20,1,If,you,get,headaches,from,food,triggers,this,will,trigger,it,Tastes,horrible,and,whatever,fake,ingredients,are,in,it,will,cause,a,wonderful,long,lasting,headache,Never,again,wit,,,,,,,,,,,,,,,,,,,,,,,,,,,,,,,,,,,,,,,,,,,,,,,,,,,,,,,,,,,,,,,,,,,,,,,,,,,,,,,,,,,,,,,,,,,,,,,,,,,,,,,,,,,,,,,,,,,,,,,,,,,,,,,,,,,,,,,,,,,,,,,,,,,,,,,,,,,,,,,,,,,,,,,,,,,,,,,,,,,,,,,,,,,,,,,,,,,,,,,,,,,,,,,,,,,,,,,,,,,,,,,,,,,,,,
Gardein,"Gardein Gluten-Free Ultimate Plant-Based Beefless Ground Crumbles, Vegan, Frozen, 13.7 oz.",,4.79,4.7,R,9-Aug-20,2,Was,defrosted,when,it,arrived,Mushy,,,,,,,,,,,,,,,,,,,,,,,,,,,,,,,,,,,,,,,,,,,,,,,,,,,,,,,,,,,,,,,,,,,,,,,,,,,,,,,,,,,,,,,,,,,,,,,,,,,,,,,,,,,,,,,,,,,,,,,,,,,,,,,,,,,,,,,,,,,,,,,,,,,,,,,,,,,,,,,,,,,,,,,,,,,,,,,,,,,,,,,,,,,,,,,,,,,,,,,,,,,,,,,,,,,,,,,,,,,,,,,,,,,,,,,,,,,,,,,,,,,,,,,,,,,,,,
Gardein,"Gardein Gluten-Free Ultimate Plant-Based Beefless Ground Crumbles, Vegan, Frozen, 13.7 oz.",,4.79,4.7,Brianna,16-Apr-18,1,Absolutely,tasteless,and,smells,like,rotten,eggs,while,it,is,cooking,The,morningstar,beef,crumbles,are,far,far,better,Took,one,bite,of,these,and,threw,it,right,into,the,g,,,,,,,,,,,,,,,,,,,,,,,,,,,,,,,,,,,,,,,,,,,,,,,,,,,,,,,,,,,,,,,,,,,,,,,,,,,,,,,,,,,,,,,,,,,,,,,,,,,,,,,,,,,,,,,,,,,,,,,,,,,,,,,,,,,,,,,,,,,,,,,,,,,,,,,,,,,,,,,,,,,,,,,,,,,,,,,,,,,,,,,,,,,,,,,,,,,,,,,,,,,,,,,,,,,,,,,,,,,,,,,,,,,,,
Gardein,"Gardein Gluten-Free Ultimate Plant-Based Beefless Ground Crumbles, Vegan, Frozen, 13.7 oz.",,4.79,4.7,adorenorth,25-May-17,2,I'm,a,gluten,loving,meat,eater,thats,looking,for,something,that,wont,remind,me,that,I'm,not,having,meat,this,'aint,it,The,grounds,didn't,really,feel,like,they,kept,their,form,when,I,was,eating,them,it,kind,of,fell,apart,in,my,,,,,,,,,,,,,,,,,,,,,,,,,,,,,,,,,,,,,,,,,,,,,,,,,,,,,,,,,,,,,,,,,,,,,,,,,,,,,,,,,,,,,,,,,,,,,,,,,,,,,,,,,,,,,,,,,,,,,,,,,,,,,,,,,,,,,,,,,,,,,,,,,,,,,,,,,,,,,,,,,,,,,,,,,,,,,,,,,,,,,,,,,,,,,,,,,,,,,,,,,,,,,,,,,,,,,,,,
Gardein,"Gardein Sliced Italian Plant-Based Saus'age, Vegan, Frozen, 9 oz.",,4.99,4.6,Pippi,19-May-21,1,To,much,fennel,Like,yuck,I,like,a,good,amount,of,the,products,But,this,one,is,over,flavored,Like,the,meatballs,are,way,good,But,since,you,guys,spice,them,I,can't,say,make,sweetish,meatballs,They,will,still,taste,Ita,,,,,,,,,,,,,,,,,,,,,,,,,,,,,,,,,,,,,,,,,,,,,,,,,,,,,,,,,,,,,,,,,,,,,,,,,,,,,,,,,,,,,,,,,,,,,,,,,,,,,,,,,,,,,,,,,,,,,,,,,,,,,,,,,,,,,,,,,,,,,,,,,,,,,,,,,,,,,,,,,,,,,,,,,,,,,,,,,,,,,,,,,,,,,,,,,,,,,,,,,,,,,,,,,,,,,,,,,,
Gardein,"Gardein Sliced Italian Plant-Based Saus'age, Vegan, Frozen, 9 oz.",,4.99,4.6,Sara McCarthy,24-Feb-21,1,,,,,,,,,,,,,,,,,,,,,,,,,,,,,,,,,,,,,,,,,,,,,,,,,,,,,,,,,,,,,,,,,,,,,,,,,,,,,,,,,,,,,,,,,,,,,,,,,,,,,,,,,,,,,,,,,,,,,,,,,,,,,,,,,,,,,,,,,,,,,,,,,,,,,,,,,,,,,,,,,,,,,,,,,,,,,,,,,,,,,,,,,,,,,,,,,,,,,,,,,,,,,,,,,,,,,,,,,,,,,,,,,,,,,,,,,,,,,,,,,,,,,,,,,,,,,,,,,,,,
Gardein,"Gardein Sliced Italian Plant-Based Saus'age, Vegan, Frozen, 9 oz.",,4.99,4.6,lasveganstepher,9-Feb-21,1,This,is,horrible!,Fractionated,palm,oil,is,A,TRANS,FAT!,You,would,think,gardein,would,sell,a,healthy,product,as,a,meat,replacement,LOL,And,all,their,other,products,have,soy,or,canola,oil,which,has,been,processed,with,hexane,They,are,not,cold,pressed,Outrageous,taking,advantage,of,people!!,If,it's,not,organic,don't,,,,,,,,,,,,,,,,,,,,,,,,,,,,,,,,,,,,,,,,,,,,,,,,,,,,,,,,,,,,,,,,,,,,,,,,,,,,,,,,,,,,,,,,,,,,,,,,,,,,,,,,,,,,,,,,,,,,,,,,,,,,,,,,,,,,,,,,,,,,,,,,,,,,,,,,,,,,,,,,,,,,,,,,,,,,,,,,,,,,,,,,,,,,,,,,,,,,,,,,,,,,,
Gardein,"Gardein Sliced Italian Plant-Based Saus'age, Vegan, Frozen, 9 oz.",,4.99,4.6,Destiny,27-Dec-20,1,I,didn't,like,them,,,,,,,,,,,,,,,,,,,,,,,,,,,,,,,,,,,,,,,,,,,,,,,,,,,,,,,,,,,,,,,,,,,,,,,,,,,,,,,,,,,,,,,,,,,,,,,,,,,,,,,,,,,,,,,,,,,,,,,,,,,,,,,,,,,,,,,,,,,,,,,,,,,,,,,,,,,,,,,,,,,,,,,,,,,,,,,,,,,,,,,,,,,,,,,,,,,,,,,,,,,,,,,,,,,,,,,,,,,,,,,,,,,,,,,,,,,,,,,,,,,,,,,,,,,,,,,,
Gardein,"Gardein, Burger Beefless Ultimate, 12 Ounce",,4.79,4.5,Amazon Customer,17-May-21,1,Horrible,Salty,otherwise,flavorless,Not,sure,what,theyâ€™re,going,for,but,if,this,is,supposed,to,be,a,substitute,for,beef,itâ€™s,a,major,fail,If,not,itâ€™s,just,plain,bad,all,on,i,,,,,,,,,,,,,,,,,,,,,,,,,,,,,,,,,,,,,,,,,,,,,,,,,,,,,,,,,,,,,,,,,,,,,,,,,,,,,,,,,,,,,,,,,,,,,,,,,,,,,,,,,,,,,,,,,,,,,,,,,,,,,,,,,,,,,,,,,,,,,,,,,,,,,,,,,,,,,,,,,,,,,,,,,,,,,,,,,,,,,,,,,,,,,,,,,,,,,,,,,,,,,,,,,,,,,,,,,,,,,,,,,,
Gardein,"Gardein, Burger Beefless Ultimate, 12 Ounce",,4.79,4.5,Dee,16-May-21,1,In,the,fine,print,it,has,cucumber,seeds,which,it,SHOUD,mention,in,the,purchase,area,and,did,not,find,out,till,after,eating,these!,Do,NOT,recommend,for,someone,with,divertic,,,,,,,,,,,,,,,,,,,,,,,,,,,,,,,,,,,,,,,,,,,,,,,,,,,,,,,,,,,,,,,,,,,,,,,,,,,,,,,,,,,,,,,,,,,,,,,,,,,,,,,,,,,,,,,,,,,,,,,,,,,,,,,,,,,,,,,,,,,,,,,,,,,,,,,,,,,,,,,,,,,,,,,,,,,,,,,,,,,,,,,,,,,,,,,,,,,,,,,,,,,,,,,,,,,,,,,,,,,,,,,,,,,,
Gardein,"Gardein, Burger Beefless Ultimate, 12 Ounce",,4.79,4.5,DB,23-Mar-21,1,The,faux,beef,flavoring,tastes,like,stale,beef,that's,been,left,in,the,fridge,for,too,many,days,Can't,believe,people,like,this,crap!,I,actually,like,other,Gardein,products,like,their,veggie,burger,and,fishless,filets,so,this,was,very,disappo,,,,,,,,,,,,,,,,,,,,,,,,,,,,,,,,,,,,,,,,,,,,,,,,,,,,,,,,,,,,,,,,,,,,,,,,,,,,,,,,,,,,,,,,,,,,,,,,,,,,,,,,,,,,,,,,,,,,,,,,,,,,,,,,,,,,,,,,,,,,,,,,,,,,,,,,,,,,,,,,,,,,,,,,,,,,,,,,,,,,,,,,,,,,,,,,,,,,,,,,,,,,,,,,,,,,,,,,,,
Gardein,"Gardein, Burger Beefless Ultimate, 12 Ounce",,4.79,4.5,Darrell Ightful,22-Mar-21,1,Holy,crap,these,things,taste,awful,I,didn't,really,expect,them,to,taste,like,beef,but,they,don't,even,taste,lik,,,,,,,,,,,,,,,,,,,,,,,,,,,,,,,,,,,,,,,,,,,,,,,,,,,,,,,,,,,,,,,,,,,,,,,,,,,,,,,,,,,,,,,,,,,,,,,,,,,,,,,,,,,,,,,,,,,,,,,,,,,,,,,,,,,,,,,,,,,,,,,,,,,,,,,,,,,,,,,,,,,,,,,,,,,,,,,,,,,,,,,,,,,,,,,,,,,,,,,,,,,,,,,,,,,,,,,,,,,,,,,,,,,,,,,,,,,,,,,
Gardein,"Gardein, Burger Beefless Ultimate, 12 Ounce",,4.79,4.5,Chris,11-Mar-21,1,There,is,nothing,whole,about,this,food,item,The,first,actual,whole,food,in,it,is,onion!,The,onion,only,comes,after,water,(first,ingredient),a,variety,of,manufactured,concentrates,and,caramel,color,Then,follows,more,manufactured,food,products,It,doesn't,matter,whether,this,product,tastes,good,or,not,or,whether,it,has,no,cholesterol,or,less,fat,It's,a,completely,fake,food,item,that,does,not,live,up,to,the,name,of,this,establi,,,,,,,,,,,,,,,,,,,,,,,,,,,,,,,,,,,,,,,,,,,,,,,,,,,,,,,,,,,,,,,,,,,,,,,,,,,,,,,,,,,,,,,,,,,,,,,,,,,,,,,,,,,,,,,,,,,,,,,,,,,,,,,,,,,,,,,,,,,,,,,,,,,,,,,,,,,,,,,,,,,,,,,,,,,,,,,,,,,,,,,,,
Gardein,"Gardein, Burger Beefless Ultimate, 12 Ounce",,4.79,4.5,MWBL,5-Mar-21,1,Tummy,t,,,,,,,,,,,,,,,,,,,,,,,,,,,,,,,,,,,,,,,,,,,,,,,,,,,,,,,,,,,,,,,,,,,,,,,,,,,,,,,,,,,,,,,,,,,,,,,,,,,,,,,,,,,,,,,,,,,,,,,,,,,,,,,,,,,,,,,,,,,,,,,,,,,,,,,,,,,,,,,,,,,,,,,,,,,,,,,,,,,,,,,,,,,,,,,,,,,,,,,,,,,,,,,,,,,,,,,,,,,,,,,,,,,,,,,,,,,,,,,,,,,,,,,,,,,,,,,,,,
Gardein,"Gardein, Burger Beefless Ultimate, 12 Ounce",,4.79,4.5,ESchool,28-Feb-21,2,I,like,The,taste,but,my,tummy,doesnâ€™t,like,,,,,,,,,,,,,,,,,,,,,,,,,,,,,,,,,,,,,,,,,,,,,,,,,,,,,,,,,,,,,,,,,,,,,,,,,,,,,,,,,,,,,,,,,,,,,,,,,,,,,,,,,,,,,,,,,,,,,,,,,,,,,,,,,,,,,,,,,,,,,,,,,,,,,,,,,,,,,,,,,,,,,,,,,,,,,,,,,,,,,,,,,,,,,,,,,,,,,,,,,,,,,,,,,,,,,,,,,,,,,,,,,,,,,,,,,,,,,,,,,,,,,,,,,,,
Gardein,"Gardein, Burger Beefless Ultimate, 12 Ounce",,4.79,4.5,Katy,4-Jan-21,1,They,have,a,weird,taste,&,texture,Was,hoping,they,would,be,similar,to,Boca,Burgers,another,meatless,brand,No,one,liked,the,taste,Wish,Amazon,sold,Boca,Won't,buy,this,brand,,,,,,,,,,,,,,,,,,,,,,,,,,,,,,,,,,,,,,,,,,,,,,,,,,,,,,,,,,,,,,,,,,,,,,,,,,,,,,,,,,,,,,,,,,,,,,,,,,,,,,,,,,,,,,,,,,,,,,,,,,,,,,,,,,,,,,,,,,,,,,,,,,,,,,,,,,,,,,,,,,,,,,,,,,,,,,,,,,,,,,,,,,,,,,,,,,,,,,,,,,,,,,,,,,,,,,,,,,,,,,,,,,,,
Gardein,"Gardein, Burger Beefless Ultimate, 12 Ounce",,4.79,4.5,K. Moore,29-Aug-20,1,One,of,the,first,ingredients,is,wheat,gluten,Iâ€™m,gluten-sensitive,I,got,gluten-free,buns,to,eat,these,with,it,never,occurred,to,me,there,might,be,gluten,in,the,p,,,,,,,,,,,,,,,,,,,,,,,,,,,,,,,,,,,,,,,,,,,,,,,,,,,,,,,,,,,,,,,,,,,,,,,,,,,,,,,,,,,,,,,,,,,,,,,,,,,,,,,,,,,,,,,,,,,,,,,,,,,,,,,,,,,,,,,,,,,,,,,,,,,,,,,,,,,,,,,,,,,,,,,,,,,,,,,,,,,,,,,,,,,,,,,,,,,,,,,,,,,,,,,,,,,,,,,,,,,,,,,,,,,,,,
Gardein,"Gardein, Burger Beefless Ultimate, 12 Ounce",,4.79,4.5,Tanecia L Copeland,23-Feb-20,1,Gro,,,,,,,,,,,,,,,,,,,,,,,,,,,,,,,,,,,,,,,,,,,,,,,,,,,,,,,,,,,,,,,,,,,,,,,,,,,,,,,,,,,,,,,,,,,,,,,,,,,,,,,,,,,,,,,,,,,,,,,,,,,,,,,,,,,,,,,,,,,,,,,,,,,,,,,,,,,,,,,,,,,,,,,,,,,,,,,,,,,,,,,,,,,,,,,,,,,,,,,,,,,,,,,,,,,,,,,,,,,,,,,,,,,,,,,,,,,,,,,,,,,,,,,,,,,,,,,,,,,
